escenario,victima,seed,utility_acc,attack_acc,attack_advantage,attack_auc,rate_member_predicted_1,rate_non_member_predicted_1
Baseline,Regresión Logística,42,0.6178,0.5556,-0.0044,0.4919,0.6712,0.6756
Baseline,Regresión Logística,137,0.6178,0.5627,0.0136,0.511,0.6744,0.6608
Baseline,Regresión Logística,271,0.6178,0.5573,0.0,0.5037,0.672,0.672
Baseline,Regresión Logística,314,0.6178,0.5557,-0.007,0.4969,0.6742,0.6812
Baseline,Regresión Logística,1729,0.6178,0.5513,-0.0084,0.4984,0.6624,0.6708
Baseline,Regresión Logística,2718,0.6178,0.5532,-0.009,0.4951,0.6686,0.6776
Baseline,Regresión Logística,3141,0.6178,0.5533,-0.0064,0.4942,0.6664,0.6728
Baseline,Regresión Logística,6022,0.6178,0.562,0.013,0.5122,0.673,0.66
Baseline,Regresión Logística,8128,0.6178,0.5584,0.0104,0.516,0.6648,0.6544
Baseline,Regresión Logística,9999,0.6178,0.5611,0.0122,0.5106,0.671,0.6588
Baseline,Regresión Logística,10007,0.6178,0.5649,0.0108,0.4994,0.684,0.6732
Baseline,Regresión Logística,11113,0.6178,0.5501,-0.0224,0.4869,0.6728,0.6952
Baseline,Regresión Logística,13121,0.6178,0.5569,0.0054,0.4976,0.6654,0.66
Baseline,Regresión Logística,17171,0.6178,0.5543,-0.0034,0.5032,0.6662,0.6696
Baseline,Regresión Logística,19273,0.6178,0.5461,-0.0218,0.4959,0.6602,0.682
Baseline,Regresión Logística,23131,0.6178,0.5588,0.0108,0.5018,0.6656,0.6548
Baseline,Regresión Logística,29327,0.6178,0.5585,0.006,0.5025,0.6696,0.6636
Baseline,Regresión Logística,31193,0.6178,0.5535,0.001,0.5054,0.6594,0.6584
Baseline,Regresión Logística,33391,0.6178,0.5604,0.0174,0.5058,0.6638,0.6464
Baseline,Regresión Logística,37397,0.6178,0.5524,-0.003,0.4902,0.6602,0.6632
Baseline,Random Forest,42,0.6311,0.5559,-0.0016,0.5057,0.6692,0.6708
Baseline,Random Forest,137,0.6311,0.5553,-0.0012,0.4987,0.6672,0.6684
Baseline,Random Forest,271,0.6311,0.5603,0.0088,0.508,0.672,0.6632
Baseline,Random Forest,314,0.6311,0.5548,0.0038,0.5071,0.6606,0.6568
Baseline,Random Forest,1729,0.6311,0.5581,-0.0014,0.504,0.6758,0.6772
Baseline,Random Forest,2718,0.6311,0.5601,0.0078,0.5001,0.6726,0.6648
Baseline,Random Forest,3141,0.6311,0.5651,0.023,0.5145,0.6722,0.6492
Baseline,Random Forest,6022,0.6311,0.5543,-0.001,0.5028,0.6638,0.6648
Baseline,Random Forest,8128,0.6311,0.5644,0.0116,0.505,0.6816,0.67
Baseline,Random Forest,9999,0.6311,0.5507,-0.0114,0.4941,0.6634,0.6748
Baseline,Random Forest,10007,0.6311,0.5551,0.0,0.4994,0.6652,0.6652
Baseline,Random Forest,11113,0.6311,0.5533,0.0044,0.5002,0.6556,0.6512
Baseline,Random Forest,13121,0.6311,0.5595,0.0056,0.5037,0.6728,0.6672
Baseline,Random Forest,17171,0.6311,0.5515,-0.009,0.497,0.6634,0.6724
Baseline,Random Forest,19273,0.6311,0.5557,-0.0036,0.5017,0.6708,0.6744
Baseline,Random Forest,23131,0.6311,0.5628,0.0208,0.5125,0.6676,0.6468
Baseline,Random Forest,29327,0.6311,0.5596,0.005,0.4991,0.6738,0.6688
Baseline,Random Forest,31193,0.6311,0.5572,0.0042,0.5043,0.6674,0.6632
Baseline,Random Forest,33391,0.6311,0.5508,-0.0052,0.501,0.6576,0.6628
Baseline,Random Forest,37397,0.6311,0.5564,0.0028,0.4963,0.6664,0.6636
k=10,Regresión Logística,42,0.6215,0.5532,-0.0082,0.4955,0.6678,0.676
k=10,Regresión Logística,137,0.6215,0.5472,-0.0184,0.4857,0.66,0.6784
k=10,Regresión Logística,271,0.6215,0.5563,0.0074,0.5059,0.6614,0.654
k=10,Regresión Logística,314,0.6215,0.5579,0.0038,0.5025,0.6698,0.666
k=10,Regresión Logística,1729,0.6215,0.5573,0.0034,0.5008,0.6686,0.6652
k=10,Regresión Logística,2718,0.6215,0.5512,-0.0066,0.4976,0.6602,0.6668
k=10,Regresión Logística,3141,0.6215,0.5551,-0.0052,0.5028,0.6704,0.6756
k=10,Regresión Logística,6022,0.6215,0.564,0.0078,0.5057,0.6842,0.6764
k=10,Regresión Logística,8128,0.6215,0.5472,-0.0178,0.4875,0.6594,0.6772
k=10,Regresión Logística,9999,0.6215,0.5668,0.0218,0.5163,0.6786,0.6568
k=10,Regresión Logística,10007,0.6215,0.5555,0.0046,0.4996,0.6618,0.6572
k=10,Regresión Logística,11113,0.6215,0.5589,0.0028,0.5066,0.674,0.6712
k=10,Regresión Logística,13121,0.6215,0.5572,0.0042,0.504,0.6674,0.6632
k=10,Regresión Logística,17171,0.6215,0.5599,0.019,0.5108,0.6606,0.6416
k=10,Regresión Logística,19273,0.6215,0.5505,-0.0116,0.4912,0.6632,0.6748
k=10,Regresión Logística,23131,0.6215,0.5591,0.0036,0.4984,0.6736,0.67
k=10,Regresión Logística,29327,0.6215,0.548,-0.0188,0.4884,0.6628,0.6816
k=10,Regresión Logística,31193,0.6215,0.5541,-0.0062,0.4942,0.6686,0.6748
k=10,Regresión Logística,33391,0.6215,0.5615,0.007,0.5058,0.6774,0.6704
k=10,Regresión Logística,37397,0.6215,0.5568,-0.0022,0.4981,0.6726,0.6748
k=10,Random Forest,42,0.6352,0.5539,-0.003,0.5037,0.6646,0.6676
k=10,Random Forest,137,0.6352,0.5567,0.0146,0.5091,0.6554,0.6408
k=10,Random Forest,271,0.6352,0.5525,-0.0034,0.5022,0.661,0.6644
k=10,Random Forest,314,0.6352,0.5671,0.0226,0.5186,0.6786,0.656
k=10,Random Forest,1729,0.6352,0.5587,0.0102,0.5086,0.6658,0.6556
k=10,Random Forest,2718,0.6352,0.5509,-0.0098,0.5086,0.6626,0.6724
k=10,Random Forest,3141,0.6352,0.5545,-0.0004,0.5056,0.664,0.6644
k=10,Random Forest,6022,0.6352,0.5564,-0.0014,0.5004,0.6706,0.672
k=10,Random Forest,8128,0.6352,0.5468,-0.0164,0.4967,0.6568,0.6732
k=10,Random Forest,9999,0.6352,0.566,0.0194,0.5123,0.6786,0.6592
k=10,Random Forest,10007,0.6352,0.5571,0.0042,0.4978,0.667,0.6628
k=10,Random Forest,11113,0.6352,0.5596,0.003,0.5092,0.6758,0.6728
k=10,Random Forest,13121,0.6352,0.5533,-0.0016,0.5025,0.6616,0.6632
k=10,Random Forest,17171,0.6352,0.5584,0.0112,0.5106,0.664,0.6528
k=10,Random Forest,19273,0.6352,0.5596,0.0072,0.5073,0.6716,0.6644
k=10,Random Forest,23131,0.6352,0.558,0.0,0.5019,0.674,0.674
k=10,Random Forest,29327,0.6352,0.5592,0.0138,0.5082,0.6638,0.65
k=10,Random Forest,31193,0.6352,0.5441,-0.0192,0.4883,0.6516,0.6708
k=10,Random Forest,33391,0.6352,0.5645,0.0214,0.5125,0.6722,0.6508
k=10,Random Forest,37397,0.6352,0.5523,-0.0068,0.494,0.6636,0.6704
k=50,Regresión Logística,42,0.6212,0.5601,0.0102,0.5023,0.6702,0.66
k=50,Regresión Logística,137,0.6212,0.5592,0.0098,0.5164,0.6678,0.658
k=50,Regresión Logística,271,0.6212,0.5537,0.0016,0.5032,0.6596,0.658
k=50,Regresión Logística,314,0.6212,0.5589,0.01,0.5055,0.6668,0.6568
k=50,Regresión Logística,1729,0.6212,0.5513,-0.0024,0.496,0.6564,0.6588
k=50,Regresión Logística,2718,0.6212,0.564,0.0138,0.5089,0.6782,0.6644
k=50,Regresión Logística,3141,0.6212,0.5552,0.0032,0.5066,0.6624,0.6592
k=50,Regresión Logística,6022,0.6212,0.5417,-0.0282,0.4868,0.6534,0.6816
k=50,Regresión Logística,8128,0.6212,0.5543,0.0008,0.4995,0.662,0.6612
k=50,Regresión Logística,9999,0.6212,0.5576,0.0098,0.502,0.663,0.6532
k=50,Regresión Logística,10007,0.6212,0.5567,0.008,0.5046,0.662,0.654
k=50,Regresión Logística,11113,0.6212,0.5489,-0.0118,0.4983,0.6586,0.6704
k=50,Regresión Logística,13121,0.6212,0.5565,-0.0032,0.5032,0.6728,0.676
k=50,Regresión Logística,17171,0.6212,0.5565,-0.0014,0.503,0.671,0.6724
k=50,Regresión Logística,19273,0.6212,0.5595,0.0036,0.4987,0.6748,0.6712
k=50,Regresión Logística,23131,0.6212,0.5636,0.0078,0.5015,0.683,0.6752
k=50,Regresión Logística,29327,0.6212,0.5512,-0.0116,0.4916,0.6652,0.6768
k=50,Regresión Logística,31193,0.6212,0.5601,0.005,0.5025,0.6754,0.6704
k=50,Regresión Logística,33391,0.6212,0.5703,0.0266,0.5056,0.6842,0.6576
k=50,Regresión Logística,37397,0.6212,0.5525,-0.0134,0.4885,0.671,0.6844
k=50,Random Forest,42,0.6294,0.5556,0.003,0.5089,0.6638,0.6608
k=50,Random Forest,137,0.6294,0.5627,0.0114,0.5047,0.6766,0.6652
k=50,Random Forest,271,0.6294,0.5557,0.0014,0.5133,0.6658,0.6644
k=50,Random Forest,314,0.6294,0.5665,0.0172,0.5177,0.6824,0.6652
k=50,Random Forest,1729,0.6294,0.5607,0.015,0.5118,0.667,0.652
k=50,Random Forest,2718,0.6294,0.5599,0.0106,0.5076,0.669,0.6584
k=50,Random Forest,3141,0.6294,0.5477,-0.016,0.5035,0.6592,0.6752
k=50,Random Forest,6022,0.6294,0.5543,0.0,0.5021,0.6628,0.6628
k=50,Random Forest,8128,0.6294,0.5668,0.026,0.5199,0.6744,0.6484
k=50,Random Forest,9999,0.6294,0.558,0.0082,0.5083,0.6658,0.6576
k=50,Random Forest,10007,0.6294,0.5581,0.0062,0.5102,0.6682,0.662
k=50,Random Forest,11113,0.6294,0.5569,-0.0046,0.4964,0.6754,0.68
k=50,Random Forest,13121,0.6294,0.5568,0.002,0.5049,0.6684,0.6664
k=50,Random Forest,17171,0.6294,0.5517,-0.0058,0.5009,0.661,0.6668
k=50,Random Forest,19273,0.6294,0.5495,-0.0094,0.4966,0.6578,0.6672
k=50,Random Forest,23131,0.6294,0.5513,0.0054,0.5107,0.6486,0.6432
k=50,Random Forest,29327,0.6294,0.5612,0.0052,0.5056,0.6784,0.6732
k=50,Random Forest,31193,0.6294,0.5608,0.0074,0.5096,0.675,0.6676
k=50,Random Forest,33391,0.6294,0.5612,0.0138,0.5079,0.6698,0.656
k=50,Random Forest,37397,0.6294,0.5588,0.0006,0.5033,0.6758,0.6752
DP ε=0.1,Regresión Logística,42,0.5267,0.6611,0.0004,0.5081,0.9828,0.9824
DP ε=0.1,Regresión Logística,137,0.5267,0.6612,0.0002,0.506,0.9834,0.9832
DP ε=0.1,Regresión Logística,271,0.5267,0.6612,0.0006,0.4948,0.983,0.9824
DP ε=0.1,Regresión Logística,314,0.5267,0.6601,0.0,0.4942,0.9804,0.9804
DP ε=0.1,Regresión Logística,1729,0.5267,0.6621,0.0034,0.5039,0.983,0.9796
DP ε=0.1,Regresión Logística,2718,0.5267,0.6592,-0.004,0.5077,0.9816,0.9856
DP ε=0.1,Regresión Logística,3141,0.5267,0.6596,-0.0038,0.5004,0.9826,0.9864
DP ε=0.1,Regresión Logística,6022,0.5267,0.6604,-0.0002,0.4846,0.9814,0.9816
DP ε=0.1,Regresión Logística,8128,0.5267,0.6628,0.0052,0.5058,0.9832,0.978
DP ε=0.1,Regresión Logística,9999,0.5267,0.6544,-0.0076,0.5029,0.9708,0.9784
DP ε=0.1,Regresión Logística,10007,0.5267,0.6579,-0.003,0.4983,0.9766,0.9796
DP ε=0.1,Regresión Logística,11113,0.5267,0.6588,-0.004,0.495,0.9804,0.9844
DP ε=0.1,Regresión Logística,13121,0.5267,0.6616,0.0026,0.5049,0.9822,0.9796
DP ε=0.1,Regresión Logística,17171,0.5267,0.6597,-0.0002,0.4966,0.9794,0.9796
DP ε=0.1,Regresión Logística,19273,0.5267,0.6619,0.0026,0.4914,0.983,0.9804
DP ε=0.1,Regresión Logística,23131,0.5267,0.6593,-0.0042,0.4951,0.9822,0.9864
DP ε=0.1,Regresión Logística,29327,0.5267,0.6616,0.0024,0.4926,0.9824,0.98
DP ε=0.1,Regresión Logística,31193,0.5267,0.6613,0.0026,0.4979,0.9814,0.9788
DP ε=0.1,Regresión Logística,33391,0.5267,0.6603,-0.0034,0.4881,0.9842,0.9876
DP ε=0.1,Regresión Logística,37397,0.5267,0.6629,0.0002,0.5097,0.9886,0.9884
DP ε=1.0,Regresión Logística,42,0.594,0.5448,-0.0244,0.488,0.6588,0.6832
DP ε=1.0,Regresión Logística,137,0.594,0.5472,-0.0072,0.4929,0.6488,0.656
DP ε=1.0,Regresión Logística,271,0.594,0.5583,0.0006,0.5018,0.6742,0.6736
DP ε=1.0,Regresión Logística,314,0.594,0.5632,0.0056,0.5033,0.684,0.6784
DP ε=1.0,Regresión Logística,1729,0.594,0.5607,0.0108,0.5054,0.6712,0.6604
DP ε=1.0,Regresión Logística,2718,0.594,0.5547,-0.005,0.4915,0.669,0.674
DP ε=1.0,Regresión Logística,3141,0.594,0.5447,-0.0166,0.4894,0.6506,0.6672
DP ε=1.0,Regresión Logística,6022,0.594,0.5517,-0.0168,0.4943,0.672,0.6888
DP ε=1.0,Regresión Logística,8128,0.594,0.5537,-0.002,0.4919,0.6632,0.6652
DP ε=1.0,Regresión Logística,9999,0.594,0.5675,0.0206,0.5024,0.6818,0.6612
DP ε=1.0,Regresión Logística,10007,0.594,0.5663,0.0068,0.5068,0.692,0.6852
DP ε=1.0,Regresión Logística,11113,0.594,0.5647,0.0164,0.5061,0.6776,0.6612
DP ε=1.0,Regresión Logística,13121,0.594,0.5479,-0.0126,0.5007,0.6562,0.6688
DP ε=1.0,Regresión Logística,17171,0.594,0.5556,-0.009,0.4895,0.6758,0.6848
DP ε=1.0,Regresión Logística,19273,0.594,0.5635,0.0126,0.5069,0.6778,0.6652
DP ε=1.0,Regresión Logística,23131,0.594,0.5547,-0.0042,0.4978,0.6682,0.6724
DP ε=1.0,Regresión Logística,29327,0.594,0.5609,0.0056,0.5054,0.6772,0.6716
DP ε=1.0,Regresión Logística,31193,0.594,0.5516,-0.0066,0.5003,0.6614,0.668
DP ε=1.0,Regresión Logística,33391,0.594,0.5635,0.011,0.5011,0.6794,0.6684
DP ε=1.0,Regresión Logística,37397,0.594,0.5491,-0.016,0.4839,0.6632,0.6792
DP ε=10.0,Regresión Logística,42,0.6175,0.5571,0.006,0.5082,0.6652,0.6592
DP ε=10.0,Regresión Logística,137,0.6175,0.5521,-0.0074,0.4855,0.6638,0.6712
DP ε=10.0,Regresión Logística,271,0.6175,0.5552,0.0018,0.5031,0.6638,0.662
DP ε=10.0,Regresión Logística,314,0.6175,0.5556,0.0012,0.5007,0.6656,0.6644
DP ε=10.0,Regresión Logística,1729,0.6175,0.5548,-0.0102,0.4924,0.6746,0.6848
DP ε=10.0,Regresión Logística,2718,0.6175,0.5628,0.0184,0.5073,0.67,0.6516
DP ε=10.0,Regresión Logística,3141,0.6175,0.5507,-0.025,0.4914,0.677,0.702
DP ε=10.0,Regresión Logística,6022,0.6175,0.5619,0.008,0.505,0.6776,0.6696
DP ε=10.0,Regresión Logística,8128,0.6175,0.5581,0.0004,0.4978,0.674,0.6736
DP ε=10.0,Regresión Logística,9999,0.6175,0.5657,0.0166,0.5013,0.6806,0.664
DP ε=10.0,Regresión Logística,10007,0.6175,0.546,-0.0194,0.4901,0.6574,0.6768
DP ε=10.0,Regresión Logística,11113,0.6175,0.5508,-0.02,0.4842,0.6724,0.6924
DP ε=10.0,Regresión Logística,13121,0.6175,0.5535,0.0028,0.5073,0.6576,0.6548
DP ε=10.0,Regresión Logística,17171,0.6175,0.5552,-0.0122,0.4961,0.6778,0.69
DP ε=10.0,Regresión Logística,19273,0.6175,0.5555,-0.0026,0.5008,0.669,0.6716
DP ε=10.0,Regresión Logística,23131,0.6175,0.5639,0.012,0.5031,0.6796,0.6676
DP ε=10.0,Regresión Logística,29327,0.6175,0.5491,-0.0144,0.4977,0.6616,0.676
DP ε=10.0,Regresión Logística,31193,0.6175,0.5604,0.0068,0.5018,0.6744,0.6676
DP ε=10.0,Regresión Logística,33391,0.6175,0.5535,-0.0104,0.4928,0.6708,0.6812
DP ε=10.0,Regresión Logística,37397,0.6175,0.5561,0.0058,0.5008,0.6626,0.6568
k=5 + l=5,Regresión Logística,42,0.6217,0.5521,-0.0076,0.4929,0.664,0.6716
k=5 + l=5,Regresión Logística,137,0.6217,0.5465,-0.0088,0.4942,0.6484,0.6572
k=5 + l=5,Regresión Logística,271,0.6217,0.5496,-0.004,0.4919,0.6528,0.6568
k=5 + l=5,Regresión Logística,314,0.6217,0.5528,-0.007,0.499,0.6654,0.6724
k=5 + l=5,Regresión Logística,1729,0.6217,0.5512,-0.0046,0.5039,0.6582,0.6628
k=5 + l=5,Regresión Logística,2718,0.6217,0.5584,0.0092,0.5054,0.666,0.6568
k=5 + l=5,Regresión Logística,3141,0.6217,0.5453,-0.0156,0.4901,0.6516,0.6672
k=5 + l=5,Regresión Logística,6022,0.6217,0.5476,-0.0146,0.4963,0.6574,0.672
k=5 + l=5,Regresión Logística,8128,0.6217,0.5539,-0.0002,0.498,0.6618,0.662
k=5 + l=5,Regresión Logística,9999,0.6217,0.5613,0.0122,0.5049,0.6718,0.6596
k=5 + l=5,Regresión Logística,10007,0.6217,0.556,0.0038,0.5078,0.6642,0.6604
k=5 + l=5,Regresión Logística,11113,0.6217,0.5452,-0.0138,0.4896,0.6494,0.6632
k=5 + l=5,Regresión Logística,13121,0.6217,0.5561,0.0016,0.5017,0.6668,0.6652
k=5 + l=5,Regresión Logística,17171,0.6217,0.5545,-0.0006,0.4994,0.6642,0.6648
k=5 + l=5,Regresión Logística,19273,0.6217,0.5605,0.0102,0.5024,0.6714,0.6612
k=5 + l=5,Regresión Logística,23131,0.6217,0.5727,0.0288,0.5176,0.6892,0.6604
k=5 + l=5,Regresión Logística,29327,0.6217,0.5552,-0.0042,0.493,0.6698,0.674
k=5 + l=5,Regresión Logística,31193,0.6217,0.5579,0.0078,0.4972,0.6658,0.658
k=5 + l=5,Regresión Logística,33391,0.6217,0.5577,-0.0018,0.4984,0.675,0.6768
k=5 + l=5,Regresión Logística,37397,0.6217,0.5629,0.0152,0.5089,0.6736,0.6584
k=5 + l=5,Random Forest,42,0.6309,0.5728,0.0368,0.5184,0.6816,0.6448
k=5 + l=5,Random Forest,137,0.6309,0.5539,-0.0002,0.5004,0.6618,0.662
k=5 + l=5,Random Forest,271,0.6309,0.5537,-0.0036,0.5044,0.6648,0.6684
k=5 + l=5,Random Forest,314,0.6309,0.5483,-0.0042,0.503,0.649,0.6532
k=5 + l=5,Random Forest,1729,0.6309,0.5549,0.0012,0.4991,0.6636,0.6624
k=5 + l=5,Random Forest,2718,0.6309,0.5507,-0.0022,0.5103,0.6542,0.6564
k=5 + l=5,Random Forest,3141,0.6309,0.5477,-0.013,0.5001,0.6562,0.6692
k=5 + l=5,Random Forest,6022,0.6309,0.5593,0.0018,0.494,0.6762,0.6744
k=5 + l=5,Random Forest,8128,0.6309,0.5611,0.012,0.5077,0.6712,0.6592
k=5 + l=5,Random Forest,9999,0.6309,0.5599,0.0146,0.5144,0.665,0.6504
k=5 + l=5,Random Forest,10007,0.6309,0.5555,-0.0028,0.5031,0.6692,0.672
k=5 + l=5,Random Forest,11113,0.6309,0.5585,0.0112,0.5158,0.6644,0.6532
k=5 + l=5,Random Forest,13121,0.6309,0.5551,-0.0022,0.5021,0.6674,0.6696
k=5 + l=5,Random Forest,17171,0.6309,0.5476,-0.0168,0.4942,0.6596,0.6764
k=5 + l=5,Random Forest,19273,0.6309,0.5581,0.0076,0.5066,0.6668,0.6592
k=5 + l=5,Random Forest,23131,0.6309,0.5651,0.0126,0.5082,0.6826,0.67
k=5 + l=5,Random Forest,29327,0.6309,0.5491,-0.0154,0.4931,0.6626,0.678
k=5 + l=5,Random Forest,31193,0.6309,0.5619,0.0106,0.507,0.675,0.6644
k=5 + l=5,Random Forest,33391,0.6309,0.5575,0.0052,0.508,0.6672,0.662
k=5 + l=5,Random Forest,37397,0.6309,0.5525,-0.0012,0.4995,0.6588,0.66
k=5 + t=0.25,Regresión Logística,42,0.6087,0.5525,-0.0082,0.496,0.6658,0.674
k=5 + t=0.25,Regresión Logística,137,0.6087,0.5609,0.0082,0.5069,0.6746,0.6664
k=5 + t=0.25,Regresión Logística,271,0.6087,0.5561,-0.0042,0.499,0.6726,0.6768
k=5 + t=0.25,Regresión Logística,314,0.6087,0.5529,-0.0002,0.5021,0.659,0.6592
k=5 + t=0.25,Regresión Logística,1729,0.6087,0.5495,-0.016,0.4961,0.6644,0.6804
k=5 + t=0.25,Regresión Logística,2718,0.6087,0.5513,-0.006,0.5034,0.66,0.666
k=5 + t=0.25,Regresión Logística,3141,0.6087,0.5557,0.0018,0.5101,0.6654,0.6636
k=5 + t=0.25,Regresión Logística,6022,0.6087,0.5637,0.0204,0.5136,0.6708,0.6504
k=5 + t=0.25,Regresión Logística,8128,0.6087,0.5612,0.0174,0.5175,0.6662,0.6488
k=5 + t=0.25,Regresión Logística,9999,0.6087,0.5557,0.0054,0.5132,0.6618,0.6564
k=5 + t=0.25,Regresión Logística,10007,0.6087,0.5557,0.0034,0.5075,0.6638,0.6604
k=5 + t=0.25,Regresión Logística,11113,0.6087,0.5596,0.0062,0.516,0.6726,0.6664
k=5 + t=0.25,Regresión Logística,13121,0.6087,0.5621,0.014,0.5034,0.6724,0.6584
k=5 + t=0.25,Regresión Logística,17171,0.6087,0.5571,0.0026,0.5119,0.6686,0.666
k=5 + t=0.25,Regresión Logística,19273,0.6087,0.5509,-0.0074,0.5044,0.6602,0.6676
k=5 + t=0.25,Regresión Logística,23131,0.6087,0.5684,0.0308,0.5256,0.6744,0.6436
k=5 + t=0.25,Regresión Logística,29327,0.6087,0.5716,0.029,0.5222,0.6858,0.6568
k=5 + t=0.25,Regresión Logística,31193,0.6087,0.55,-0.0046,0.5016,0.6546,0.6592
k=5 + t=0.25,Regresión Logística,33391,0.6087,0.5603,0.0066,0.5066,0.6742,0.6676
k=5 + t=0.25,Regresión Logística,37397,0.6087,0.5575,0.0044,0.5075,0.668,0.6636
k=5 + t=0.25,Random Forest,42,0.6278,0.5552,0.0054,0.5093,0.6602,0.6548
k=5 + t=0.25,Random Forest,137,0.6278,0.5676,0.024,0.5154,0.6788,0.6548
k=5 + t=0.25,Random Forest,271,0.6278,0.5608,0.009,0.5111,0.6734,0.6644
k=5 + t=0.25,Random Forest,314,0.6278,0.5549,0.01,0.5159,0.6548,0.6448
k=5 + t=0.25,Random Forest,1729,0.6278,0.5621,0.0134,0.5043,0.673,0.6596
k=5 + t=0.25,Random Forest,2718,0.6278,0.5611,0.0134,0.5087,0.6698,0.6564
k=5 + t=0.25,Random Forest,3141,0.6278,0.5579,0.0008,0.5092,0.6728,0.672
k=5 + t=0.25,Random Forest,6022,0.6278,0.5549,-0.0044,0.5,0.6692,0.6736
k=5 + t=0.25,Random Forest,8128,0.6278,0.5536,0.0006,0.5049,0.6602,0.6596
k=5 + t=0.25,Random Forest,9999,0.6278,0.5608,0.014,0.5139,0.6684,0.6544
k=5 + t=0.25,Random Forest,10007,0.6278,0.5545,-0.001,0.4958,0.6646,0.6656
k=5 + t=0.25,Random Forest,11113,0.6278,0.5561,0.0046,0.5022,0.6638,0.6592
k=5 + t=0.25,Random Forest,13121,0.6278,0.5635,0.0144,0.5167,0.676,0.6616
k=5 + t=0.25,Random Forest,17171,0.6278,0.5636,0.0176,0.5164,0.6732,0.6556
k=5 + t=0.25,Random Forest,19273,0.6278,0.5603,0.014,0.5136,0.6668,0.6528
k=5 + t=0.25,Random Forest,23131,0.6278,0.5597,0.0136,0.5148,0.6656,0.652
k=5 + t=0.25,Random Forest,29327,0.6278,0.5511,-0.0088,0.5066,0.662,0.6708
k=5 + t=0.25,Random Forest,31193,0.6278,0.5483,-0.0178,0.4896,0.6626,0.6804
k=5 + t=0.25,Random Forest,33391,0.6278,0.5568,-0.002,0.4984,0.6724,0.6744
k=5 + t=0.25,Random Forest,37397,0.6278,0.5585,0.0138,0.5123,0.6618,0.648
k=5 + l=5 + t=0.3 (Hard),Regresión Logística,42,0.6203,0.5604,0.006,0.5051,0.6752,0.6692
k=5 + l=5 + t=0.3 (Hard),Regresión Logística,137,0.6203,0.5501,-0.0148,0.4995,0.6652,0.68
k=5 + l=5 + t=0.3 (Hard),Regresión Logística,271,0.6203,0.5584,-0.0006,0.4992,0.6758,0.6764
k=5 + l=5 + t=0.3 (Hard),Regresión Logística,314,0.6203,0.5563,0.0094,0.5023,0.6594,0.65
k=5 + l=5 + t=0.3 (Hard),Regresión Logística,1729,0.6203,0.544,-0.0194,0.4876,0.6514,0.6708
k=5 + l=5 + t=0.3 (Hard),Regresión Logística,2718,0.6203,0.5623,0.0172,0.5135,0.6696,0.6524
k=5 + l=5 + t=0.3 (Hard),Regresión Logística,3141,0.6203,0.5679,0.0224,0.5119,0.6812,0.6588
k=5 + l=5 + t=0.3 (Hard),Regresión Logística,6022,0.6203,0.5615,0.0136,0.5102,0.6708,0.6572
k=5 + l=5 + t=0.3 (Hard),Regresión Logística,8128,0.6203,0.5509,-0.012,0.4934,0.6648,0.6768
k=5 + l=5 + t=0.3 (Hard),Regresión Logística,9999,0.6203,0.554,-0.0006,0.4995,0.6626,0.6632
k=5 + l=5 + t=0.3 (Hard),Regresión Logística,10007,0.6203,0.5527,-0.0016,0.4986,0.6596,0.6612
k=5 + l=5 + t=0.3 (Hard),Regresión Logística,11113,0.6203,0.5532,0.0006,0.5027,0.659,0.6584
k=5 + l=5 + t=0.3 (Hard),Regresión Logística,13121,0.6203,0.5575,-0.0052,0.5007,0.6776,0.6828
k=5 + l=5 + t=0.3 (Hard),Regresión Logística,17171,0.6203,0.5687,0.0278,0.5128,0.6782,0.6504
k=5 + l=5 + t=0.3 (Hard),Regresión Logística,19273,0.6203,0.5508,-0.0084,0.4887,0.6608,0.6692
k=5 + l=5 + t=0.3 (Hard),Regresión Logística,23131,0.6203,0.5576,0.0094,0.5079,0.6634,0.654
k=5 + l=5 + t=0.3 (Hard),Regresión Logística,29327,0.6203,0.55,-0.0118,0.494,0.6618,0.6736
k=5 + l=5 + t=0.3 (Hard),Regresión Logística,31193,0.6203,0.5624,0.0116,0.5092,0.6756,0.664
k=5 + l=5 + t=0.3 (Hard),Regresión Logística,33391,0.6203,0.5695,0.0266,0.5074,0.6818,0.6552
k=5 + l=5 + t=0.3 (Hard),Regresión Logística,37397,0.6203,0.5519,-0.005,0.5063,0.6606,0.6656
k=5 + l=5 + t=0.3 (Hard),Random Forest,42,0.6293,0.5572,0.0068,0.5043,0.6648,0.658
k=5 + l=5 + t=0.3 (Hard),Random Forest,137,0.6293,0.5601,0.01,0.5064,0.6704,0.6604
k=5 + l=5 + t=0.3 (Hard),Random Forest,271,0.6293,0.5533,-0.0024,0.5056,0.6624,0.6648
k=5 + l=5 + t=0.3 (Hard),Random Forest,314,0.6293,0.5693,0.0232,0.5211,0.6848,0.6616
k=5 + l=5 + t=0.3 (Hard),Random Forest,1729,0.6293,0.5584,0.003,0.5001,0.6722,0.6692
k=5 + l=5 + t=0.3 (Hard),Random Forest,2718,0.6293,0.5489,-0.0138,0.4953,0.6606,0.6744
k=5 + l=5 + t=0.3 (Hard),Random Forest,3141,0.6293,0.5648,0.0204,0.5103,0.674,0.6536
k=5 + l=5 + t=0.3 (Hard),Random Forest,6022,0.6293,0.5615,0.0118,0.5136,0.6726,0.6608
k=5 + l=5 + t=0.3 (Hard),Random Forest,8128,0.6293,0.5543,0.0012,0.5012,0.6616,0.6604
k=5 + l=5 + t=0.3 (Hard),Random Forest,9999,0.6293,0.5556,0.009,0.4946,0.6578,0.6488
k=5 + l=5 + t=0.3 (Hard),Random Forest,10007,0.6293,0.5599,0.0088,0.5069,0.6708,0.662
k=5 + l=5 + t=0.3 (Hard),Random Forest,11113,0.6293,0.5485,-0.005,0.4991,0.6506,0.6556
k=5 + l=5 + t=0.3 (Hard),Random Forest,13121,0.6293,0.5613,0.0178,0.5055,0.6662,0.6484
k=5 + l=5 + t=0.3 (Hard),Random Forest,17171,0.6293,0.5536,-0.003,0.4935,0.6638,0.6668
k=5 + l=5 + t=0.3 (Hard),Random Forest,19273,0.6293,0.5541,-0.0058,0.5014,0.6682,0.674
k=5 + l=5 + t=0.3 (Hard),Random Forest,23131,0.6293,0.5605,0.011,0.5012,0.6706,0.6596
k=5 + l=5 + t=0.3 (Hard),Random Forest,29327,0.6293,0.554,-0.0042,0.4954,0.6662,0.6704
k=5 + l=5 + t=0.3 (Hard),Random Forest,31193,0.6293,0.5536,-0.0104,0.504,0.6712,0.6816
k=5 + l=5 + t=0.3 (Hard),Random Forest,33391,0.6293,0.5639,0.011,0.5103,0.6806,0.6696
k=5 + l=5 + t=0.3 (Hard),Random Forest,37397,0.6293,0.5599,0.0086,0.5077,0.671,0.6624
