epsilon,rep,race,n,Accuracy
0.1,0,AfricanAmerican,3821,0.5202826485213295
0.1,0,Asian,115,0.6086956521739131
0.1,0,Caucasian,14970,0.5259853039412158
0.1,0,Hispanic,410,0.5609756097560976
0.1,0,Other,295,0.6
0.1,1,AfricanAmerican,3821,0.4938497775451452
0.1,1,Asian,115,0.4869565217391304
0.1,1,Caucasian,14970,0.5070808283233132
0.1,1,Hispanic,410,0.4829268292682926
0.1,1,Other,295,0.4169491525423728
0.1,2,AfricanAmerican,3821,0.4977754514524993
0.1,2,Asian,115,0.6434782608695652
0.1,2,Caucasian,14970,0.5192384769539078
0.1,2,Hispanic,410,0.5219512195121951
0.1,2,Other,295,0.5796610169491525
0.1,3,AfricanAmerican,3821,0.5312745354619209
0.1,3,Asian,115,0.5826086956521739
0.1,3,Caucasian,14970,0.5284569138276554
0.1,3,Hispanic,410,0.5804878048780487
0.1,3,Other,295,0.6033898305084746
0.1,4,AfricanAmerican,3821,0.4705574456948442
0.1,4,Asian,115,0.408695652173913
0.1,4,Caucasian,14970,0.4712090848363393
0.1,4,Hispanic,410,0.4268292682926829
0.1,4,Other,295,0.3796610169491525
0.1,5,AfricanAmerican,3821,0.4951583355142633
0.1,5,Asian,115,0.5652173913043478
0.1,5,Caucasian,14970,0.4915163660654643
0.1,5,Hispanic,410,0.5073170731707317
0.1,5,Other,295,0.4203389830508474
0.1,6,AfricanAmerican,3821,0.5061502224548547
0.1,6,Asian,115,0.5478260869565217
0.1,6,Caucasian,14970,0.4906479625918504
0.1,6,Hispanic,410,0.4926829268292683
0.1,6,Other,295,0.5728813559322034
0.1,7,AfricanAmerican,3821,0.4802407746663177
0.1,7,Asian,115,0.4956521739130435
0.1,7,Caucasian,14970,0.5045424181696727
0.1,7,Hispanic,410,0.5853658536585366
0.1,7,Other,295,0.5220338983050847
0.1,8,AfricanAmerican,3821,0.4823344674169065
0.1,8,Asian,115,0.3739130434782609
0.1,8,Caucasian,14970,0.4867067468269873
0.1,8,Hispanic,410,0.4341463414634146
0.1,8,Other,295,0.4101694915254237
0.1,9,AfricanAmerican,3821,0.4658466370060193
0.1,9,Asian,115,0.3826086956521739
0.1,9,Caucasian,14970,0.4702738810955243
0.1,9,Hispanic,410,0.4146341463414634
0.1,9,Other,295,0.3932203389830508
0.1,10,AfricanAmerican,3821,0.4894006804501439
0.1,10,Asian,115,0.4956521739130435
0.1,10,Caucasian,14970,0.5187040748162992
0.1,10,Hispanic,410,0.473170731707317
0.1,10,Other,295,0.4813559322033898
0.1,11,AfricanAmerican,3821,0.4679403297566082
0.1,11,Asian,115,0.417391304347826
0.1,11,Caucasian,14970,0.4802271209084836
0.1,11,Hispanic,410,0.4073170731707317
0.1,11,Other,295,0.3966101694915254
0.1,12,AfricanAmerican,3821,0.533891651400157
0.1,12,Asian,115,0.6173913043478261
0.1,12,Caucasian,14970,0.5301269205076821
0.1,12,Hispanic,410,0.5829268292682926
0.1,12,Other,295,0.6033898305084746
0.1,13,AfricanAmerican,3821,0.5221146296780947
0.1,13,Asian,115,0.5652173913043478
0.1,13,Caucasian,14970,0.5140280561122245
0.1,13,Hispanic,410,0.5804878048780487
0.1,13,Other,295,0.5627118644067797
0.1,14,AfricanAmerican,3821,0.5181889557707406
0.1,14,Asian,115,0.4782608695652174
0.1,14,Caucasian,14970,0.5213092852371409
0.1,14,Hispanic,410,0.4804878048780487
0.1,14,Other,295,0.5491525423728814
0.1,15,AfricanAmerican,3821,0.5116461659251504
0.1,15,Asian,115,0.4521739130434782
0.1,15,Caucasian,14970,0.4907147628590514
0.1,15,Hispanic,410,0.4634146341463415
0.1,15,Other,295,0.4847457627118644
0.1,16,AfricanAmerican,3821,0.5048416644857368
0.1,16,Asian,115,0.5217391304347826
0.1,16,Caucasian,14970,0.4876419505678023
0.1,16,Hispanic,410,0.4536585365853658
0.1,16,Other,295,0.5084745762711864
0.1,17,AfricanAmerican,3821,0.4938497775451452
0.1,17,Asian,115,0.6
0.1,17,Caucasian,14970,0.5004676018704075
0.1,17,Hispanic,410,0.5048780487804878
0.1,17,Other,295,0.4644067796610169
0.1,18,AfricanAmerican,3821,0.467416906568961
0.1,18,Asian,115,0.4
0.1,18,Caucasian,14970,0.4727454909819639
0.1,18,Hispanic,410,0.4292682926829268
0.1,18,Other,295,0.3864406779661017
0.1,19,AfricanAmerican,3821,0.5223763412719183
0.1,19,Asian,115,0.5826086956521739
0.1,19,Caucasian,14970,0.5232464929859719
0.1,19,Hispanic,410,0.5853658536585366
0.1,19,Other,295,0.5898305084745763
0.5,0,AfricanAmerican,3821,0.5354619209630986
0.5,0,Asian,115,0.591304347826087
0.5,0,Caucasian,14970,0.5229792919171676
0.5,0,Hispanic,410,0.5682926829268292
0.5,0,Other,295,0.5864406779661017
0.5,1,AfricanAmerican,3821,0.5194975137398586
0.5,1,Asian,115,0.591304347826087
0.5,1,Caucasian,14970,0.5183032732130929
0.5,1,Hispanic,410,0.5048780487804878
0.5,1,Other,295,0.5288135593220339
0.5,2,AfricanAmerican,3821,0.4802407746663177
0.5,2,Asian,115,0.4956521739130435
0.5,2,Caucasian,14970,0.4998663994655978
0.5,2,Hispanic,410,0.5170731707317073
0.5,2,Other,295,0.4440677966101695
0.5,3,AfricanAmerican,3821,0.5276105731483904
0.5,3,Asian,115,0.6260869565217392
0.5,3,Caucasian,14970,0.5209084836339345
0.5,3,Hispanic,410,0.5634146341463414
0.5,3,Other,295,0.5694915254237288
0.5,4,AfricanAmerican,3821,0.5024862601413242
0.5,4,Asian,115,0.6347826086956522
0.5,4,Caucasian,14970,0.5263861055444222
0.5,4,Hispanic,410,0.5195121951219512
0.5,4,Other,295,0.5220338983050847
0.5,5,AfricanAmerican,3821,0.4713425804763151
0.5,5,Asian,115,0.4695652173913043
0.5,5,Caucasian,14970,0.4725450901803607
0.5,5,Hispanic,410,0.4195121951219512
0.5,5,Other,295,0.4067796610169492
0.5,6,AfricanAmerican,3821,0.4975137398586757
0.5,6,Asian,115,0.5478260869565217
0.5,6,Caucasian,14970,0.4992651970607882
0.5,6,Hispanic,410,0.5634146341463414
0.5,6,Other,295,0.5627118644067797
0.5,7,AfricanAmerican,3821,0.512693012300445
0.5,7,Asian,115,0.5130434782608696
0.5,7,Caucasian,14970,0.5035404141616566
0.5,7,Hispanic,410,0.5560975609756098
0.5,7,Other,295,0.511864406779661
0.5,8,AfricanAmerican,3821,0.4956817587019105
0.5,8,Asian,115,0.4956521739130435
0.5,8,Caucasian,14970,0.5020708082832331
0.5,8,Hispanic,410,0.4853658536585366
0.5,8,Other,295,0.535593220338983
0.5,9,AfricanAmerican,3821,0.4818110442292593
0.5,9,Asian,115,0.4260869565217391
0.5,9,Caucasian,14970,0.4873079492317969
0.5,9,Hispanic,410,0.4707317073170731
0.5,9,Other,295,0.447457627118644
0.5,10,AfricanAmerican,3821,0.4956817587019105
0.5,10,Asian,115,0.6086956521739131
0.5,10,Caucasian,14970,0.5117568470273881
0.5,10,Hispanic,410,0.5536585365853659
0.5,10,Other,295,0.5288135593220339
0.5,11,AfricanAmerican,3821,0.5234231876472127
0.5,11,Asian,115,0.6173913043478261
0.5,11,Caucasian,14970,0.5247160988643954
0.5,11,Hispanic,410,0.5853658536585366
0.5,11,Other,295,0.5932203389830508
0.5,12,AfricanAmerican,3821,0.5155718398325045
0.5,12,Asian,115,0.6086956521739131
0.5,12,Caucasian,14970,0.5182364729458918
0.5,12,Hispanic,410,0.5414634146341464
0.5,12,Other,295,0.5254237288135594
0.5,13,AfricanAmerican,3821,0.4870452761057315
0.5,13,Asian,115,0.4869565217391304
0.5,13,Caucasian,14970,0.5118904475617903
0.5,13,Hispanic,410,0.5073170731707317
0.5,13,Other,295,0.5016949152542373
0.5,14,AfricanAmerican,3821,0.5349384977754514
0.5,14,Asian,115,0.591304347826087
0.5,14,Caucasian,14970,0.5263861055444222
0.5,14,Hispanic,410,0.5609756097560976
0.5,14,Other,295,0.5830508474576271
0.5,15,AfricanAmerican,3821,0.4757916775713164
0.5,15,Asian,115,0.4260869565217391
0.5,15,Caucasian,14970,0.4768871075484301
0.5,15,Hispanic,410,0.4414634146341463
0.5,15,Other,295,0.4338983050847457
0.5,16,AfricanAmerican,3821,0.5098141847683852
0.5,16,Asian,115,0.5739130434782609
0.5,16,Caucasian,14970,0.4985303941215764
0.5,16,Hispanic,410,0.5219512195121951
0.5,16,Other,295,0.5254237288135594
0.5,17,AfricanAmerican,3821,0.5001308557969119
0.5,17,Asian,115,0.4695652173913043
0.5,17,Caucasian,14970,0.5002004008016032
0.5,17,Hispanic,410,0.5682926829268292
0.5,17,Other,295,0.5694915254237288
0.5,18,AfricanAmerican,3821,0.4862601413242606
0.5,18,Asian,115,0.4260869565217391
0.5,18,Caucasian,14970,0.4861055444221777
0.5,18,Hispanic,410,0.4682926829268293
0.5,18,Other,295,0.4847457627118644
0.5,19,AfricanAmerican,3821,0.5244700340225072
0.5,19,Asian,115,0.6086956521739131
0.5,19,Caucasian,14970,0.5258517034068136
0.5,19,Hispanic,410,0.551219512195122
0.5,19,Other,295,0.5932203389830508
1.0,0,AfricanAmerican,3821,0.4765768123527872
1.0,0,Asian,115,0.3217391304347826
1.0,0,Caucasian,14970,0.4877087508350033
1.0,0,Hispanic,410,0.4682926829268293
1.0,0,Other,295,0.4372881355932203
1.0,1,AfricanAmerican,3821,0.5160952630201517
1.0,1,Asian,115,0.5652173913043478
1.0,1,Caucasian,14970,0.516499665998664
1.0,1,Hispanic,410,0.5146341463414634
1.0,1,Other,295,0.488135593220339
1.0,2,AfricanAmerican,3821,0.5071970688301491
1.0,2,Asian,115,0.5826086956521739
1.0,2,Caucasian,14970,0.5273213092852371
1.0,2,Hispanic,410,0.5756097560975609
1.0,2,Other,295,0.5966101694915255
1.0,3,AfricanAmerican,3821,0.4815493326354357
1.0,3,Asian,115,0.4956521739130435
1.0,3,Caucasian,14970,0.5099532398129593
1.0,3,Hispanic,410,0.5073170731707317
1.0,3,Other,295,0.4406779661016949
1.0,4,AfricanAmerican,3821,0.4750065427898456
1.0,4,Asian,115,0.4
1.0,4,Caucasian,14970,0.492251169004676
1.0,4,Hispanic,410,0.5317073170731708
1.0,4,Other,295,0.4033898305084746
1.0,5,AfricanAmerican,3821,0.5234231876472127
1.0,5,Asian,115,0.5217391304347826
1.0,5,Caucasian,14970,0.5113560454241817
1.0,5,Hispanic,410,0.5414634146341464
1.0,5,Other,295,0.5796610169491525
1.0,6,AfricanAmerican,3821,0.5137398586757393
1.0,6,Asian,115,0.4956521739130435
1.0,6,Caucasian,14970,0.5092852371409485
1.0,6,Hispanic,410,0.5487804878048781
1.0,6,Other,295,0.5661016949152542
1.0,7,AfricanAmerican,3821,0.4828578906045538
1.0,7,Asian,115,0.4521739130434782
1.0,7,Caucasian,14970,0.5025384101536406
1.0,7,Hispanic,410,0.4902439024390244
1.0,7,Other,295,0.5050847457627119
1.0,8,AfricanAmerican,3821,0.4956817587019105
1.0,8,Asian,115,0.5391304347826087
1.0,8,Caucasian,14970,0.5080160320641283
1.0,8,Hispanic,410,0.5
1.0,8,Other,295,0.5050847457627119
1.0,9,AfricanAmerican,3821,0.4697723109133734
1.0,9,Asian,115,0.4
1.0,9,Caucasian,14970,0.4724782899131596
1.0,9,Hispanic,410,0.4536585365853658
1.0,9,Other,295,0.4406779661016949
1.0,10,AfricanAmerican,3821,0.4891389688563203
1.0,10,Asian,115,0.5739130434782609
1.0,10,Caucasian,14970,0.5227120908483633
1.0,10,Hispanic,410,0.5048780487804878
1.0,10,Other,295,0.5322033898305085
1.0,11,AfricanAmerican,3821,0.4925412195760272
1.0,11,Asian,115,0.4
1.0,11,Caucasian,14970,0.5007348029392118
1.0,11,Hispanic,410,0.4414634146341463
1.0,11,Other,295,0.4203389830508474
1.0,12,AfricanAmerican,3821,0.5176655325830934
1.0,12,Asian,115,0.5652173913043478
1.0,12,Caucasian,14970,0.5126920507682031
1.0,12,Hispanic,410,0.5219512195121951
1.0,12,Other,295,0.535593220338983
1.0,13,AfricanAmerican,3821,0.5234231876472127
1.0,13,Asian,115,0.5826086956521739
1.0,13,Caucasian,14970,0.5237808951235805
1.0,13,Hispanic,410,0.573170731707317
1.0,13,Other,295,0.5423728813559322
1.0,14,AfricanAmerican,3821,0.4904475268254383
1.0,14,Asian,115,0.4782608695652174
1.0,14,Caucasian,14970,0.5138276553106212
1.0,14,Hispanic,410,0.5170731707317073
1.0,14,Other,295,0.5491525423728814
1.0,15,AfricanAmerican,3821,0.4713425804763151
1.0,15,Asian,115,0.4
1.0,15,Caucasian,14970,0.4700734802939211
1.0,15,Hispanic,410,0.4219512195121951
1.0,15,Other,295,0.4203389830508474
1.0,16,AfricanAmerican,3821,0.4954200471080869
1.0,16,Asian,115,0.4869565217391304
1.0,16,Caucasian,14970,0.5091516366065464
1.0,16,Hispanic,410,0.5097560975609756
1.0,16,Other,295,0.4813559322033898
1.0,17,AfricanAmerican,3821,0.5132164354880921
1.0,17,Asian,115,0.4521739130434782
1.0,17,Caucasian,14970,0.5063460253841016
1.0,17,Hispanic,410,0.5463414634146342
1.0,17,Other,295,0.5288135593220339
1.0,18,AfricanAmerican,3821,0.467416906568961
1.0,18,Asian,115,0.408695652173913
1.0,18,Caucasian,14970,0.4762191048764195
1.0,18,Hispanic,410,0.4439024390243902
1.0,18,Other,295,0.4203389830508474
1.0,19,AfricanAmerican,3821,0.4794556398848469
1.0,19,Asian,115,0.5043478260869565
1.0,19,Caucasian,14970,0.5073480293921175
1.0,19,Hispanic,410,0.5365853658536586
1.0,19,Other,295,0.5525423728813559
5.0,0,AfricanAmerican,3821,0.4917560847945564
5.0,0,Asian,115,0.4695652173913043
5.0,0,Caucasian,14970,0.4871075484301937
5.0,0,Hispanic,410,0.5073170731707317
5.0,0,Other,295,0.4406779661016949
5.0,1,AfricanAmerican,3821,0.484689871761319
5.0,1,Asian,115,0.4608695652173913
5.0,1,Caucasian,14970,0.5012024048096192
5.0,1,Hispanic,410,0.5121951219512195
5.0,1,Other,295,0.5254237288135594
5.0,2,AfricanAmerican,3821,0.5302276890866265
5.0,2,Asian,115,0.5130434782608696
5.0,2,Caucasian,14970,0.5187708750835003
5.0,2,Hispanic,410,0.5463414634146342
5.0,2,Other,295,0.5220338983050847
5.0,3,AfricanAmerican,3821,0.5181889557707406
5.0,3,Asian,115,0.4521739130434782
5.0,3,Caucasian,14970,0.5149632598530394
5.0,3,Hispanic,410,0.526829268292683
5.0,3,Other,295,0.5152542372881356
5.0,4,AfricanAmerican,3821,0.4663700601936665
5.0,4,Asian,115,0.4347826086956521
5.0,4,Caucasian,14970,0.492251169004676
5.0,4,Hispanic,410,0.424390243902439
5.0,4,Other,295,0.4067796610169492
5.0,5,AfricanAmerican,3821,0.5304894006804501
5.0,5,Asian,115,0.5565217391304348
5.0,5,Caucasian,14970,0.5211756847027388
5.0,5,Hispanic,410,0.5878048780487805
5.0,5,Other,295,0.511864406779661
5.0,6,AfricanAmerican,3821,0.4702957341010206
5.0,6,Asian,115,0.4260869565217391
5.0,6,Caucasian,14970,0.4762191048764195
5.0,6,Hispanic,410,0.4317073170731707
5.0,6,Other,295,0.4033898305084746
5.0,7,AfricanAmerican,3821,0.5134781470819157
5.0,7,Asian,115,0.6086956521739131
5.0,7,Caucasian,14970,0.5332665330661323
5.0,7,Hispanic,410,0.5365853658536586
5.0,7,Other,295,0.6305084745762712
5.0,8,AfricanAmerican,3821,0.5171421093954462
5.0,8,Asian,115,0.5304347826086957
5.0,8,Caucasian,14970,0.5054776219104876
5.0,8,Hispanic,410,0.4975609756097561
5.0,8,Other,295,0.5084745762711864
5.0,9,AfricanAmerican,3821,0.5244700340225072
5.0,9,Asian,115,0.4434782608695652
5.0,9,Caucasian,14970,0.5142284569138277
5.0,9,Hispanic,410,0.5536585365853659
5.0,9,Other,295,0.4847457627118644
5.0,10,AfricanAmerican,3821,0.4941114891389688
5.0,10,Asian,115,0.5304347826086957
5.0,10,Caucasian,14970,0.5303941215764864
5.0,10,Hispanic,410,0.5317073170731708
5.0,10,Other,295,0.5050847457627119
5.0,11,AfricanAmerican,3821,0.5079822036116199
5.0,11,Asian,115,0.5739130434782609
5.0,11,Caucasian,14970,0.5264529058116233
5.0,11,Hispanic,410,0.5292682926829269
5.0,11,Other,295,0.5220338983050847
5.0,12,AfricanAmerican,3821,0.4857367181366134
5.0,12,Asian,115,0.4347826086956521
5.0,12,Caucasian,14970,0.4900467601870407
5.0,12,Hispanic,410,0.424390243902439
5.0,12,Other,295,0.4067796610169492
5.0,13,AfricanAmerican,3821,0.5058885108610311
5.0,13,Asian,115,0.5826086956521739
5.0,13,Caucasian,14970,0.4847027388109552
5.0,13,Hispanic,410,0.5317073170731708
5.0,13,Other,295,0.488135593220339
5.0,14,AfricanAmerican,3821,0.4828578906045538
5.0,14,Asian,115,0.4608695652173913
5.0,14,Caucasian,14970,0.4928523714094856
5.0,14,Hispanic,410,0.4219512195121951
5.0,14,Other,295,0.4338983050847457
5.0,15,AfricanAmerican,3821,0.5176655325830934
5.0,15,Asian,115,0.591304347826087
5.0,15,Caucasian,14970,0.5235136940547762
5.0,15,Hispanic,410,0.5439024390243903
5.0,15,Other,295,0.6033898305084746
5.0,16,AfricanAmerican,3821,0.5331065166186862
5.0,16,Asian,115,0.591304347826087
5.0,16,Caucasian,14970,0.5227788911155644
5.0,16,Hispanic,410,0.5951219512195122
5.0,16,Other,295,0.5559322033898305
5.0,17,AfricanAmerican,3821,0.5037948181104422
5.0,17,Asian,115,0.5217391304347826
5.0,17,Caucasian,14970,0.5101536406145625
5.0,17,Hispanic,410,0.4414634146341463
5.0,17,Other,295,0.5559322033898305
5.0,18,AfricanAmerican,3821,0.5150484166448573
5.0,18,Asian,115,0.5304347826086957
5.0,18,Caucasian,14970,0.4995991983967935
5.0,18,Hispanic,410,0.5439024390243903
5.0,18,Other,295,0.5288135593220339
5.0,19,AfricanAmerican,3821,0.5270871499607432
5.0,19,Asian,115,0.5565217391304348
5.0,19,Caucasian,14970,0.5250501002004008
5.0,19,Hispanic,410,0.5439024390243903
5.0,19,Other,295,0.5627118644067797
10.0,0,AfricanAmerican,3821,0.533891651400157
10.0,0,Asian,115,0.6
10.0,0,Caucasian,14970,0.5341349365397462
10.0,0,Hispanic,410,0.5853658536585366
10.0,0,Other,295,0.5898305084745763
10.0,1,AfricanAmerican,3821,0.5315362470557445
10.0,1,Asian,115,0.6434782608695652
10.0,1,Caucasian,14970,0.5257849031396126
10.0,1,Hispanic,410,0.5560975609756098
10.0,1,Other,295,0.6067796610169491
10.0,2,AfricanAmerican,3821,0.5283957079298613
10.0,2,Asian,115,0.5826086956521739
10.0,2,Caucasian,14970,0.5366733466933867
10.0,2,Hispanic,410,0.5560975609756098
10.0,2,Other,295,0.576271186440678
10.0,3,AfricanAmerican,3821,0.4972520282648521
10.0,3,Asian,115,0.4434782608695652
10.0,3,Caucasian,14970,0.4975283901135605
10.0,3,Hispanic,410,0.4878048780487805
10.0,3,Other,295,0.4135593220338983
10.0,4,AfricanAmerican,3821,0.5200209369275058
10.0,4,Asian,115,0.591304347826087
10.0,4,Caucasian,14970,0.5162992651970608
10.0,4,Hispanic,410,0.5073170731707317
10.0,4,Other,295,0.5830508474576271
10.0,5,AfricanAmerican,3821,0.5328448050248626
10.0,5,Asian,115,0.6347826086956522
10.0,5,Caucasian,14970,0.5337341349365398
10.0,5,Hispanic,410,0.5585365853658537
10.0,5,Other,295,0.5728813559322034
10.0,6,AfricanAmerican,3821,0.5200209369275058
10.0,6,Asian,115,0.5652173913043478
10.0,6,Caucasian,14970,0.5331997327989312
10.0,6,Hispanic,410,0.5341463414634147
10.0,6,Other,295,0.5084745762711864
10.0,7,AfricanAmerican,3821,0.4873069876995551
10.0,7,Asian,115,0.4956521739130435
10.0,7,Caucasian,14970,0.5028056112224449
10.0,7,Hispanic,410,0.4707317073170731
10.0,7,Other,295,0.4338983050847457
10.0,8,AfricanAmerican,3821,0.5354619209630986
10.0,8,Asian,115,0.6869565217391305
10.0,8,Caucasian,14970,0.5293921175684703
10.0,8,Hispanic,410,0.5780487804878048
10.0,8,Other,295,0.5898305084745763
10.0,9,AfricanAmerican,3821,0.5113844543313268
10.0,9,Asian,115,0.6347826086956522
10.0,9,Caucasian,14970,0.5306613226452905
10.0,9,Hispanic,410,0.5048780487804878
10.0,9,Other,295,0.5016949152542373
10.0,10,AfricanAmerican,3821,0.5317979586495681
10.0,10,Asian,115,0.5217391304347826
10.0,10,Caucasian,14970,0.5355377421509686
10.0,10,Hispanic,410,0.5609756097560976
10.0,10,Other,295,0.447457627118644
10.0,11,AfricanAmerican,3821,0.5082439152054437
10.0,11,Asian,115,0.5391304347826087
10.0,11,Caucasian,14970,0.504943219772879
10.0,11,Hispanic,410,0.5219512195121951
10.0,11,Other,295,0.4779661016949152
10.0,12,AfricanAmerican,3821,0.5268254383669196
10.0,12,Asian,115,0.6347826086956522
10.0,12,Caucasian,14970,0.5358049432197729
10.0,12,Hispanic,410,0.5853658536585366
10.0,12,Other,295,0.5559322033898305
10.0,13,AfricanAmerican,3821,0.5310128238680973
10.0,13,Asian,115,0.5739130434782609
10.0,13,Caucasian,14970,0.5273881095524382
10.0,13,Hispanic,410,0.4707317073170731
10.0,13,Other,295,0.535593220338983
10.0,14,AfricanAmerican,3821,0.5302276890866265
10.0,14,Asian,115,0.5652173913043478
10.0,14,Caucasian,14970,0.5370741482965932
10.0,14,Hispanic,410,0.526829268292683
10.0,14,Other,295,0.5694915254237288
10.0,15,AfricanAmerican,3821,0.5323213818372153
10.0,15,Asian,115,0.6608695652173913
10.0,15,Caucasian,14970,0.5362725450901804
10.0,15,Hispanic,410,0.5975609756097561
10.0,15,Other,295,0.6169491525423729
10.0,16,AfricanAmerican,3821,0.5291808427113321
10.0,16,Asian,115,0.5826086956521739
10.0,16,Caucasian,14970,0.5319305277221109
10.0,16,Hispanic,410,0.5317073170731708
10.0,16,Other,295,0.5864406779661017
10.0,17,AfricanAmerican,3821,0.5022245485475006
10.0,17,Asian,115,0.5217391304347826
10.0,17,Caucasian,14970,0.5002672010688043
10.0,17,Hispanic,410,0.4560975609756098
10.0,17,Other,295,0.4576271186440678
10.0,18,AfricanAmerican,3821,0.5359853441507458
10.0,18,Asian,115,0.5565217391304348
10.0,18,Caucasian,14970,0.537875751503006
10.0,18,Hispanic,410,0.5756097560975609
10.0,18,Other,295,0.5830508474576271
10.0,19,AfricanAmerican,3821,0.4883538340748495
10.0,19,Asian,115,0.4695652173913043
10.0,19,Caucasian,14970,0.5162992651970608
10.0,19,Hispanic,410,0.4902439024390244
10.0,19,Other,295,0.488135593220339
20.0,0,AfricanAmerican,3821,0.5391258832766291
20.0,0,Asian,115,0.591304347826087
20.0,0,Caucasian,14970,0.5474949899799599
20.0,0,Hispanic,410,0.5926829268292683
20.0,0,Other,295,0.6542372881355932
20.0,1,AfricanAmerican,3821,0.5359853441507458
20.0,1,Asian,115,0.6782608695652174
20.0,1,Caucasian,14970,0.5388109552438209
20.0,1,Hispanic,410,0.5634146341463414
20.0,1,Other,295,0.5728813559322034
20.0,2,AfricanAmerican,3821,0.4831196021983774
20.0,2,Asian,115,0.4956521739130435
20.0,2,Caucasian,14970,0.4968603874415497
20.0,2,Hispanic,410,0.448780487804878
20.0,2,Other,295,0.5254237288135594
20.0,3,AfricanAmerican,3821,0.5380790369013347
20.0,3,Asian,115,0.6434782608695652
20.0,3,Caucasian,14970,0.5441549766199065
20.0,3,Hispanic,410,0.5634146341463414
20.0,3,Other,295,0.559322033898305
20.0,4,AfricanAmerican,3821,0.5331065166186862
20.0,4,Asian,115,0.6260869565217392
20.0,4,Caucasian,14970,0.5350701402805611
20.0,4,Hispanic,410,0.573170731707317
20.0,4,Other,295,0.5932203389830508
20.0,5,AfricanAmerican,3821,0.5283957079298613
20.0,5,Asian,115,0.6695652173913044
20.0,5,Caucasian,14970,0.55437541750167
20.0,5,Hispanic,410,0.5707317073170731
20.0,5,Other,295,0.5864406779661017
20.0,6,AfricanAmerican,3821,0.5383407484951583
20.0,6,Asian,115,0.6
20.0,6,Caucasian,14970,0.5331997327989312
20.0,6,Hispanic,410,0.5195121951219512
20.0,6,Other,295,0.6135593220338983
20.0,7,AfricanAmerican,3821,0.5393875948704527
20.0,7,Asian,115,0.6782608695652174
20.0,7,Caucasian,14970,0.5415497661990648
20.0,7,Hispanic,410,0.573170731707317
20.0,7,Other,295,0.6305084745762712
20.0,8,AfricanAmerican,3821,0.535200209369275
20.0,8,Asian,115,0.5739130434782609
20.0,8,Caucasian,14970,0.5468937875751503
20.0,8,Hispanic,410,0.6073170731707317
20.0,8,Other,295,0.6033898305084746
20.0,9,AfricanAmerican,3821,0.5236848992410363
20.0,9,Asian,115,0.5043478260869565
20.0,9,Caucasian,14970,0.5201068804275217
20.0,9,Hispanic,410,0.4829268292682926
20.0,9,Other,295,0.5084745762711864
20.0,10,AfricanAmerican,3821,0.5281339963360376
20.0,10,Asian,115,0.6173913043478261
20.0,10,Caucasian,14970,0.5447561790247161
20.0,10,Hispanic,410,0.5609756097560976
20.0,10,Other,295,0.5796610169491525
20.0,11,AfricanAmerican,3821,0.543836691965454
20.0,11,Asian,115,0.6086956521739131
20.0,11,Caucasian,14970,0.5410153640614562
20.0,11,Hispanic,410,0.5658536585365853
20.0,11,Other,295,0.5423728813559322
20.0,12,AfricanAmerican,3821,0.5503794818110442
20.0,12,Asian,115,0.6086956521739131
20.0,12,Caucasian,14970,0.539746158984636
20.0,12,Hispanic,410,0.5560975609756098
20.0,12,Other,295,0.576271186440678
20.0,13,AfricanAmerican,3821,0.5354619209630986
20.0,13,Asian,115,0.6434782608695652
20.0,13,Caucasian,14970,0.5350701402805611
20.0,13,Hispanic,410,0.5780487804878048
20.0,13,Other,295,0.6271186440677966
20.0,14,AfricanAmerican,3821,0.5362470557445694
20.0,14,Asian,115,0.6086956521739131
20.0,14,Caucasian,14970,0.5478957915831664
20.0,14,Hispanic,410,0.6073170731707317
20.0,14,Other,295,0.5491525423728814
20.0,15,AfricanAmerican,3821,0.5273488615545668
20.0,15,Asian,115,0.6782608695652174
20.0,15,Caucasian,14970,0.5360721442885772
20.0,15,Hispanic,410,0.573170731707317
20.0,15,Other,295,0.5288135593220339
20.0,16,AfricanAmerican,3821,0.5406961528395708
20.0,16,Asian,115,0.6521739130434783
20.0,16,Caucasian,14970,0.5503006012024048
20.0,16,Hispanic,410,0.6073170731707317
20.0,16,Other,295,0.6135593220338983
20.0,17,AfricanAmerican,3821,0.5375556137136875
20.0,17,Asian,115,0.6782608695652174
20.0,17,Caucasian,14970,0.536940547762191
20.0,17,Hispanic,410,0.5585365853658537
20.0,17,Other,295,0.6203389830508474
20.0,18,AfricanAmerican,3821,0.5399110180580999
20.0,18,Asian,115,0.6260869565217392
20.0,18,Caucasian,14970,0.5488977955911823
20.0,18,Hispanic,410,0.5975609756097561
20.0,18,Other,295,0.6271186440677966
20.0,19,AfricanAmerican,3821,0.5228997644595655
20.0,19,Asian,115,0.6
20.0,19,Caucasian,14970,0.5382097528390114
20.0,19,Hispanic,410,0.5658536585365853
20.0,19,Other,295,0.5186440677966102
50.0,0,AfricanAmerican,3821,0.5472389426851609
50.0,0,Asian,115,0.6608695652173913
50.0,0,Caucasian,14970,0.5493653974615899
50.0,0,Hispanic,410,0.5756097560975609
50.0,0,Other,295,0.5830508474576271
50.0,1,AfricanAmerican,3821,0.5537817325307511
50.0,1,Asian,115,0.6347826086956522
50.0,1,Caucasian,14970,0.5531730126920508
50.0,1,Hispanic,410,0.6146341463414634
50.0,1,Other,295,0.6
50.0,2,AfricanAmerican,3821,0.5391258832766291
50.0,2,Asian,115,0.6086956521739131
50.0,2,Caucasian,14970,0.5521710086840347
50.0,2,Hispanic,410,0.5756097560975609
50.0,2,Other,295,0.6372881355932203
50.0,3,AfricanAmerican,3821,0.5372939021198639
50.0,3,Asian,115,0.6260869565217392
50.0,3,Caucasian,14970,0.5494321977287909
50.0,3,Hispanic,410,0.5487804878048781
50.0,3,Other,295,0.6237288135593221
50.0,4,AfricanAmerican,3821,0.5459303847160429
50.0,4,Asian,115,0.6347826086956522
50.0,4,Caucasian,14970,0.548563794255177
50.0,4,Hispanic,410,0.5926829268292683
50.0,4,Other,295,0.6135593220338983
50.0,5,AfricanAmerican,3821,0.5566605600628107
50.0,5,Asian,115,0.6434782608695652
50.0,5,Caucasian,14970,0.5510354041416166
50.0,5,Hispanic,410,0.5780487804878048
50.0,5,Other,295,0.5830508474576271
50.0,6,AfricanAmerican,3821,0.5482857890604553
50.0,6,Asian,115,0.6260869565217392
50.0,6,Caucasian,14970,0.5487641950567802
50.0,6,Hispanic,410,0.5341463414634147
50.0,6,Other,295,0.6101694915254238
50.0,7,AfricanAmerican,3821,0.5323213818372153
50.0,7,Asian,115,0.6
50.0,7,Caucasian,14970,0.5468269873079492
50.0,7,Hispanic,410,0.5170731707317073
50.0,7,Other,295,0.5661016949152542
50.0,8,AfricanAmerican,3821,0.5469772310913373
50.0,8,Asian,115,0.6
50.0,8,Caucasian,14970,0.5525718102872411
50.0,8,Hispanic,410,0.573170731707317
50.0,8,Other,295,0.5830508474576271
50.0,9,AfricanAmerican,3821,0.5501177702172206
50.0,9,Asian,115,0.6521739130434783
50.0,9,Caucasian,14970,0.5474949899799599
50.0,9,Hispanic,410,0.5756097560975609
50.0,9,Other,295,0.6033898305084746
50.0,10,AfricanAmerican,3821,0.5459303847160429
50.0,10,Asian,115,0.6434782608695652
50.0,10,Caucasian,14970,0.5404141616566466
50.0,10,Hispanic,410,0.5560975609756098
50.0,10,Other,295,0.5966101694915255
50.0,11,AfricanAmerican,3821,0.5477623658728081
50.0,11,Asian,115,0.6
50.0,11,Caucasian,14970,0.5527722110888443
50.0,11,Hispanic,410,0.5390243902439025
50.0,11,Other,295,0.5830508474576271
50.0,12,AfricanAmerican,3821,0.5459303847160429
50.0,12,Asian,115,0.6086956521739131
50.0,12,Caucasian,14970,0.5497661990647963
50.0,12,Hispanic,410,0.5780487804878048
50.0,12,Other,295,0.6067796610169491
50.0,13,AfricanAmerican,3821,0.5467155194975137
50.0,13,Asian,115,0.6521739130434783
50.0,13,Caucasian,14970,0.5391449565798263
50.0,13,Hispanic,410,0.5414634146341464
50.0,13,Other,295,0.5830508474576271
50.0,14,AfricanAmerican,3821,0.5482857890604553
50.0,14,Asian,115,0.6
50.0,14,Caucasian,14970,0.547561790247161
50.0,14,Hispanic,410,0.5585365853658537
50.0,14,Other,295,0.6067796610169491
50.0,15,AfricanAmerican,3821,0.5401727296519235
50.0,15,Asian,115,0.6173913043478261
50.0,15,Caucasian,14970,0.5457581830327322
50.0,15,Hispanic,410,0.5609756097560976
50.0,15,Other,295,0.6305084745762712
50.0,16,AfricanAmerican,3821,0.5543051557183983
50.0,16,Asian,115,0.6434782608695652
50.0,16,Caucasian,14970,0.5501670006680027
50.0,16,Hispanic,410,0.5487804878048781
50.0,16,Other,295,0.5830508474576271
50.0,17,AfricanAmerican,3821,0.5294425543051557
50.0,17,Asian,115,0.5826086956521739
50.0,17,Caucasian,14970,0.5374081496325985
50.0,17,Hispanic,410,0.5390243902439025
50.0,17,Other,295,0.5728813559322034
50.0,18,AfricanAmerican,3821,0.5336299398063334
50.0,18,Asian,115,0.6434782608695652
50.0,18,Caucasian,14970,0.5454909819639279
50.0,18,Hispanic,410,0.5756097560975609
50.0,18,Other,295,0.5796610169491525
50.0,19,AfricanAmerican,3821,0.5459303847160429
50.0,19,Asian,115,0.6173913043478261
50.0,19,Caucasian,14970,0.5465597862391449
50.0,19,Hispanic,410,0.5878048780487805
50.0,19,Other,295,0.5932203389830508
100.0,0,AfricanAmerican,3821,0.5506411934048678
100.0,0,Asian,115,0.6956521739130435
100.0,0,Caucasian,14970,0.5588510354041416
100.0,0,Hispanic,410,0.551219512195122
100.0,0,Other,295,0.6
100.0,1,AfricanAmerican,3821,0.568437581784873
100.0,1,Asian,115,0.6869565217391305
100.0,1,Caucasian,14970,0.5702070808283233
100.0,1,Hispanic,410,0.5756097560975609
100.0,1,Other,295,0.6135593220338983
100.0,2,AfricanAmerican,3821,0.5563988484689871
100.0,2,Asian,115,0.6260869565217392
100.0,2,Caucasian,14970,0.5578490313961256
100.0,2,Hispanic,410,0.5804878048780487
100.0,2,Other,295,0.6169491525423729
100.0,3,AfricanAmerican,3821,0.5574456948442816
100.0,3,Asian,115,0.6608695652173913
100.0,3,Caucasian,14970,0.5612558450233801
100.0,3,Hispanic,410,0.5804878048780487
100.0,3,Other,295,0.6067796610169491
100.0,4,AfricanAmerican,3821,0.559801099188694
100.0,4,Asian,115,0.6869565217391305
100.0,4,Caucasian,14970,0.5638610554442218
100.0,4,Hispanic,410,0.5804878048780487
100.0,4,Other,295,0.6135593220338983
100.0,5,AfricanAmerican,3821,0.5603245223763412
100.0,5,Asian,115,0.6782608695652174
100.0,5,Caucasian,14970,0.5629258517034068
100.0,5,Hispanic,410,0.5951219512195122
100.0,5,Other,295,0.6033898305084746
100.0,6,AfricanAmerican,3821,0.5603245223763412
100.0,6,Asian,115,0.6695652173913044
100.0,6,Caucasian,14970,0.5624582498329993
100.0,6,Hispanic,410,0.5853658536585366
100.0,6,Other,295,0.5864406779661017
100.0,7,AfricanAmerican,3821,0.5676524470034022
100.0,7,Asian,115,0.6695652173913044
100.0,7,Caucasian,14970,0.5589846359385438
100.0,7,Hispanic,410,0.5878048780487805
100.0,7,Other,295,0.5932203389830508
100.0,8,AfricanAmerican,3821,0.568437581784873
100.0,8,Asian,115,0.6347826086956522
100.0,8,Caucasian,14970,0.5633266533066132
100.0,8,Hispanic,410,0.5902439024390244
100.0,8,Other,295,0.6067796610169491
100.0,9,AfricanAmerican,3821,0.567129023815755
100.0,9,Asian,115,0.6869565217391305
100.0,9,Caucasian,14970,0.5633934535738143
100.0,9,Hispanic,410,0.5804878048780487
100.0,9,Other,295,0.6
100.0,10,AfricanAmerican,3821,0.5639884846898717
100.0,10,Asian,115,0.6521739130434783
100.0,10,Caucasian,14970,0.5688710754843019
100.0,10,Hispanic,410,0.5829268292682926
100.0,10,Other,295,0.6067796610169491
100.0,11,AfricanAmerican,3821,0.5652970426589898
100.0,11,Asian,115,0.6608695652173913
100.0,11,Caucasian,14970,0.5715430861723447
100.0,11,Hispanic,410,0.5853658536585366
100.0,11,Other,295,0.6271186440677966
100.0,12,AfricanAmerican,3821,0.5666056006281078
100.0,12,Asian,115,0.6782608695652174
100.0,12,Caucasian,14970,0.5673346693386774
100.0,12,Hispanic,410,0.5804878048780487
100.0,12,Other,295,0.6
100.0,13,AfricanAmerican,3821,0.5634650615022245
100.0,13,Asian,115,0.6347826086956522
100.0,13,Caucasian,14970,0.5679358717434869
100.0,13,Hispanic,410,0.5902439024390244
100.0,13,Other,295,0.6101694915254238
100.0,14,AfricanAmerican,3821,0.5707929861292855
100.0,14,Asian,115,0.6521739130434783
100.0,14,Caucasian,14970,0.5637942551770208
100.0,14,Hispanic,410,0.5878048780487805
100.0,14,Other,295,0.6406779661016949
100.0,15,AfricanAmerican,3821,0.5666056006281078
100.0,15,Asian,115,0.6869565217391305
100.0,15,Caucasian,14970,0.5589178356713427
100.0,15,Hispanic,410,0.5926829268292683
100.0,15,Other,295,0.6033898305084746
100.0,16,AfricanAmerican,3821,0.5673907354095786
100.0,16,Asian,115,0.6608695652173913
100.0,16,Caucasian,14970,0.5637942551770208
100.0,16,Hispanic,410,0.5975609756097561
100.0,16,Other,295,0.6372881355932203
100.0,17,AfricanAmerican,3821,0.5579691180319288
100.0,17,Asian,115,0.6521739130434783
100.0,17,Caucasian,14970,0.5613894455577823
100.0,17,Hispanic,410,0.6024390243902439
100.0,17,Other,295,0.6033898305084746
100.0,18,AfricanAmerican,3821,0.5637267730960481
100.0,18,Asian,115,0.6869565217391305
100.0,18,Caucasian,14970,0.5617902471609887
100.0,18,Hispanic,410,0.6170731707317073
100.0,18,Other,295,0.6305084745762712
100.0,19,AfricanAmerican,3821,0.5645119078775189
100.0,19,Asian,115,0.6260869565217392
100.0,19,Caucasian,14970,0.5657314629258517
100.0,19,Hispanic,410,0.6048780487804878
100.0,19,Other,295,0.6169491525423729
200.0,0,AfricanAmerican,3821,0.5857105469772311
200.0,0,Asian,115,0.6521739130434783
200.0,0,Caucasian,14970,0.5794923179692719
200.0,0,Hispanic,410,0.5975609756097561
200.0,0,Other,295,0.6440677966101694
200.0,1,AfricanAmerican,3821,0.5786443339439937
200.0,1,Asian,115,0.6521739130434783
200.0,1,Caucasian,14970,0.5771543086172345
200.0,1,Hispanic,410,0.6
200.0,1,Other,295,0.6271186440677966
200.0,2,AfricanAmerican,3821,0.5786443339439937
200.0,2,Asian,115,0.6608695652173913
200.0,2,Caucasian,14970,0.5798931195724782
200.0,2,Hispanic,410,0.6024390243902439
200.0,2,Other,295,0.6338983050847458
200.0,3,AfricanAmerican,3821,0.5820465846637006
200.0,3,Asian,115,0.6608695652173913
200.0,3,Caucasian,14970,0.5780227120908483
200.0,3,Hispanic,410,0.6097560975609756
200.0,3,Other,295,0.6508474576271186
200.0,4,AfricanAmerican,3821,0.575765506411934
200.0,4,Asian,115,0.6608695652173913
200.0,4,Caucasian,14970,0.5790247160988644
200.0,4,Hispanic,410,0.6073170731707317
200.0,4,Other,295,0.6406779661016949
200.0,5,AfricanAmerican,3821,0.5796911803192881
200.0,5,Asian,115,0.6608695652173913
200.0,5,Caucasian,14970,0.5827655310621243
200.0,5,Hispanic,410,0.6
200.0,5,Other,295,0.6474576271186441
200.0,6,AfricanAmerican,3821,0.5809997382884062
200.0,6,Asian,115,0.6521739130434783
200.0,6,Caucasian,14970,0.5816967267869071
200.0,6,Hispanic,410,0.6
200.0,6,Other,295,0.6372881355932203
200.0,7,AfricanAmerican,3821,0.5783826223501701
200.0,7,Asian,115,0.6521739130434783
200.0,7,Caucasian,14970,0.5794923179692719
200.0,7,Hispanic,410,0.6
200.0,7,Other,295,0.6338983050847458
200.0,8,AfricanAmerican,3821,0.5807380266945825
200.0,8,Asian,115,0.6434782608695652
200.0,8,Caucasian,14970,0.5788911155644623
200.0,8,Hispanic,410,0.6073170731707317
200.0,8,Other,295,0.6237288135593221
200.0,9,AfricanAmerican,3821,0.5809997382884062
200.0,9,Asian,115,0.6608695652173913
200.0,9,Caucasian,14970,0.5781563126252505
200.0,9,Hispanic,410,0.6146341463414634
200.0,9,Other,295,0.6406779661016949
200.0,10,AfricanAmerican,3821,0.5809997382884062
200.0,10,Asian,115,0.6521739130434783
200.0,10,Caucasian,14970,0.577621910487642
200.0,10,Hispanic,410,0.6048780487804878
200.0,10,Other,295,0.6406779661016949
200.0,11,AfricanAmerican,3821,0.5781209107563465
200.0,11,Asian,115,0.6521739130434783
200.0,11,Caucasian,14970,0.5808951235804943
200.0,11,Hispanic,410,0.5878048780487805
200.0,11,Other,295,0.6406779661016949
200.0,12,AfricanAmerican,3821,0.5825700078513478
200.0,12,Asian,115,0.6695652173913044
200.0,12,Caucasian,14970,0.5785571142284569
200.0,12,Hispanic,410,0.6146341463414634
200.0,12,Other,295,0.6508474576271186
200.0,13,AfricanAmerican,3821,0.5807380266945825
200.0,13,Asian,115,0.6608695652173913
200.0,13,Caucasian,14970,0.578690714762859
200.0,13,Hispanic,410,0.5951219512195122
200.0,13,Other,295,0.6237288135593221
200.0,14,AfricanAmerican,3821,0.5786443339439937
200.0,14,Asian,115,0.6695652173913044
200.0,14,Caucasian,14970,0.5807615230460922
200.0,14,Hispanic,410,0.6
200.0,14,Other,295,0.6508474576271186
200.0,15,AfricanAmerican,3821,0.581784873069877
200.0,15,Asian,115,0.6521739130434783
200.0,15,Caucasian,14970,0.5811623246492986
200.0,15,Hispanic,410,0.5951219512195122
200.0,15,Other,295,0.6406779661016949
200.0,16,AfricanAmerican,3821,0.5809997382884062
200.0,16,Asian,115,0.6608695652173913
200.0,16,Caucasian,14970,0.5818303273213092
200.0,16,Hispanic,410,0.6073170731707317
200.0,16,Other,295,0.6508474576271186
200.0,17,AfricanAmerican,3821,0.5781209107563465
200.0,17,Asian,115,0.6608695652173913
200.0,17,Caucasian,14970,0.5787575150300601
200.0,17,Hispanic,410,0.5951219512195122
200.0,17,Other,295,0.6508474576271186
200.0,18,AfricanAmerican,3821,0.5804763151007589
200.0,18,Asian,115,0.6608695652173913
200.0,18,Caucasian,14970,0.5777555110220441
200.0,18,Hispanic,410,0.5926829268292683
200.0,18,Other,295,0.6372881355932203
200.0,19,AfricanAmerican,3821,0.5789060455378173
200.0,19,Asian,115,0.6608695652173913
200.0,19,Caucasian,14970,0.58062792251169
200.0,19,Hispanic,410,0.6048780487804878
200.0,19,Other,295,0.6372881355932203
