epsilon,rep,seed,epsilon_por_atributo,modelo,Accuracy,F1-Score
0.1,0,42,0.002380952380952381,Regresión Logística,0.527204120136658,0.4348001130454004
0.1,0,42,0.002380952380952381,Naive Bayes (Gaussian),0.5148641068787925,0.4978418907768546
0.1,1,137,0.002380952380952381,Regresión Logística,0.502524093620927,0.4996924695613945
0.1,1,137,0.002380952380952381,Naive Bayes (Gaussian),0.5172607210239152,0.5097620247487611
0.1,2,271,0.002380952380952381,Regresión Logística,0.5167508031206975,0.47132344532391335
0.1,2,271,0.002380952380952381,Naive Bayes (Gaussian),0.526337259701188,0.44100730518992837
0.1,3,314,0.002380952380952381,Regresión Logística,0.5315384223140075,0.38461229736902103
0.1,3,314,0.002380952380952381,Naive Bayes (Gaussian),0.5183315486206721,0.42680391969197906
0.1,4,1729,0.002380952380952381,Regresión Logística,0.4684105858956708,0.37788848750631887
0.1,4,1729,0.002380952380952381,Naive Bayes (Gaussian),0.5009433481209525,0.48483951875102843
0.1,5,2718,0.002380952380952381,Regresión Logística,0.4919178012340013,0.47249158862642837
0.1,5,2718,0.002380952380952381,Naive Bayes (Gaussian),0.5180765896690632,0.5000793043905881
0.1,6,3141,0.002380952380952381,Regresión Logística,0.4952832593952374,0.49486222685007175
0.1,6,3141,0.002380952380952381,Naive Bayes (Gaussian),0.49105094079853145,0.48045395190687923
0.1,7,6022,0.002380952380952381,Regresión Logística,0.5017082249757789,0.4952730749006374
0.1,7,6022,0.002380952380952381,Naive Bayes (Gaussian),0.5092550099433991,0.479221599487844
0.1,8,8128,0.002380952380952381,Regresión Logística,0.4829432461373719,0.44847042104551144
0.1,8,8128,0.002380952380952381,Naive Bayes (Gaussian),0.49915863545969097,0.48436491198578674
0.1,9,9999,0.002380952380952381,Regresión Logística,0.4665748814440875,0.29772455220174804
0.1,9,9999,0.002380952380952381,Naive Bayes (Gaussian),0.4855948192341033,0.47775683511905653
0.1,10,10007,0.002380952380952381,Regresión Logística,0.5113456733465912,0.43606997398191905
0.1,10,10007,0.002380952380952381,Naive Bayes (Gaussian),0.5063994696853806,0.47811327565914286
0.1,11,11113,0.002380952380952381,Regresión Logística,0.47468257610524706,0.38924811917254876
0.1,11,11113,0.002380952380952381,Naive Bayes (Gaussian),0.505481617459589,0.49852963699959457
0.1,12,13121,0.002380952380952381,Regresión Logística,0.5335780939268778,0.3736120182069828
0.1,12,13121,0.002380952380952381,Naive Bayes (Gaussian),0.5137932792820356,0.4649454083368167
0.1,13,17171,0.002380952380952381,Regresión Logística,0.5180255978787415,0.49241321560093687
0.1,13,17171,0.002380952380952381,Naive Bayes (Gaussian),0.5017082249757789,0.4950226881816538
0.1,14,19273,0.002380952380952381,Regresión Logística,0.52001427770129,0.4996127546352429
0.1,14,19273,0.002380952380952381,Naive Bayes (Gaussian),0.5306715618785376,0.4115037353168808
0.1,15,23131,0.002380952380952381,Regresión Logística,0.4939064810565499,0.4808024712756094
0.1,15,23131,0.002380952380952381,Naive Bayes (Gaussian),0.519606343378716,0.4317914140978317
0.1,16,29327,0.002380952380952381,Regresión Logística,0.49079598184692264,0.47988441242213764
0.1,16,29327,0.002380952380952381,Naive Bayes (Gaussian),0.5245015552496048,0.4561434677242793
0.1,17,31193,0.002380952380952381,Regresión Logística,0.4993116108306563,0.486519835492522
0.1,17,31193,0.002380952380952381,Naive Bayes (Gaussian),0.5017082249757789,0.5017219376790738
0.1,18,33391,0.002380952380952381,Regresión Logística,0.46907347916985365,0.3402508222597762
0.1,18,33391,0.002380952380952381,Naive Bayes (Gaussian),0.4923257355565754,0.487158813256291
0.1,19,37397,0.002380952380952381,Regresión Logística,0.525725358217327,0.398006400775991
0.1,19,37397,0.002380952380952381,Naive Bayes (Gaussian),0.5261842843302228,0.4026571933316024
0.5,0,42,0.011904761904761904,Regresión Logística,0.5277140380398756,0.4530827643686083
0.5,0,42,0.011904761904761904,Naive Bayes (Gaussian),0.5209321299270817,0.43701811641673954
0.5,1,137,0.011904761904761904,Regresión Logística,0.5188414665238896,0.4907668172727674
0.5,1,137,0.011904761904761904,Naive Bayes (Gaussian),0.5239916373463872,0.44760045567583756
0.5,2,271,0.011904761904761904,Regresión Logística,0.49553821834684614,0.4742207420514829
0.5,2,271,0.011904761904761904,Naive Bayes (Gaussian),0.5107337718627301,0.5103500200798543
0.5,3,314,0.011904761904761904,Regresión Logística,0.5244505634592831,0.4317974568236179
0.5,3,314,0.011904761904761904,Naive Bayes (Gaussian),0.5147111315078272,0.4659182183878489
0.5,4,1729,0.011904761904761904,Regresión Logística,0.5221559328948039,0.5225138024755301
0.5,4,1729,0.011904761904761904,Naive Bayes (Gaussian),0.5237876701851002,0.4704917627334176
0.5,5,2718,0.011904761904761904,Regresión Logística,0.4701952985569323,0.3902924012907642
0.5,5,2718,0.011904761904761904,Naive Bayes (Gaussian),0.5064504614757024,0.5045509561092203
0.5,6,3141,0.011904761904761904,Regresión Logística,0.5015042578144918,0.5010196826728115
0.5,6,3141,0.011904761904761904,Naive Bayes (Gaussian),0.5232777522818827,0.5052695186922719
0.5,7,6022,0.011904761904761904,Regresión Logística,0.5066034368466676,0.48178004036189165
0.5,7,6022,0.011904761904761904,Naive Bayes (Gaussian),0.520677170975473,0.4269391733117561
0.5,8,8128,0.011904761904761904,Regresión Logística,0.5009433481209525,0.49258169530108836
0.5,8,8128,0.011904761904761904,Naive Bayes (Gaussian),0.5144051807658967,0.47610456628994946
0.5,9,9999,0.011904761904761904,Regresión Logística,0.48493192595992046,0.44796840716455666
0.5,9,9999,0.011904761904761904,Naive Bayes (Gaussian),0.5120085666207741,0.4867847040616206
0.5,10,10007,0.011904761904761904,Regresión Logística,0.510325837540156,0.46763757007378876
0.5,10,10007,0.011904761904761904,Naive Bayes (Gaussian),0.5207791545561165,0.44535111600187677
0.5,11,11113,0.011904761904761904,Regresión Logística,0.5273061037173015,0.42806304749339535
0.5,11,11113,0.011904761904761904,Naive Bayes (Gaussian),0.5242975880883178,0.45033353353412703
0.5,12,13121,0.011904761904761904,Regresión Logística,0.5188414665238896,0.46441571268820253
0.5,12,13121,0.011904761904761904,Naive Bayes (Gaussian),0.5274080872979451,0.4351589297590106
0.5,13,17171,0.011904761904761904,Regresión Logística,0.5066544286369894,0.49619844158126275
0.5,13,17171,0.011904761904761904,Naive Bayes (Gaussian),0.5123655091530264,0.504668029975993
0.5,14,19273,0.011904761904761904,Regresión Logística,0.5300086686043547,0.4181632745654557
0.5,14,19273,0.011904761904761904,Naive Bayes (Gaussian),0.5264902350721534,0.42846815617838124
0.5,15,23131,0.011904761904761904,Regresión Logística,0.47498852684717763,0.36606017437650246
0.5,15,23131,0.011904761904761904,Naive Bayes (Gaussian),0.4849829177502422,0.43609181826143195
0.5,16,29327,0.011904761904761904,Regresión Logística,0.5020651675080312,0.5017274464821807
0.5,16,29327,0.011904761904761904,Naive Bayes (Gaussian),0.5215440314109429,0.45364281732805717
0.5,17,31193,0.011904761904761904,Regresión Logística,0.5024731018306052,0.5022160462142635
0.5,17,31193,0.011904761904761904,Naive Bayes (Gaussian),0.5142012136046097,0.4870333146970967
0.5,18,33391,0.011904761904761904,Regresión Logística,0.4853908520728163,0.430620150982345
0.5,18,33391,0.011904761904761904,Naive Bayes (Gaussian),0.5150680740400796,0.48886575622740647
0.5,19,37397,0.011904761904761904,Regresión Logística,0.5276120544592321,0.39895013431786314
0.5,19,37397,0.011904761904761904,Naive Bayes (Gaussian),0.5251134567334659,0.4256235096547078
1.0,0,42,0.023809523809523808,Regresión Logística,0.4834021722502677,0.4025543897528963
1.0,0,42,0.023809523809523808,Naive Bayes (Gaussian),0.4994135944112998,0.49897571385541223
1.0,1,137,0.023809523809523808,Regresión Logística,0.51624088521748,0.5134227939791046
1.0,1,137,0.023809523809523808,Naive Bayes (Gaussian),0.5009433481209525,0.5014824463304973
1.0,2,271,0.023809523809523808,Regresión Logística,0.5257763500076488,0.43475579485570215
1.0,2,271,0.023809523809523808,Naive Bayes (Gaussian),0.5302636275559635,0.4497359852463291
1.0,3,314,0.023809523809523808,Regresión Logística,0.5032379786854316,0.5035506867283525
1.0,3,314,0.023809523809523808,Naive Bayes (Gaussian),0.5023711182499617,0.49826894017496476
1.0,4,1729,0.023809523809523808,Regresión Logística,0.48783845800826064,0.4294911765418624
1.0,4,1729,0.023809523809523808,Naive Bayes (Gaussian),0.5105807964917648,0.509555278517904
1.0,5,2718,0.023809523809523808,Regresión Logística,0.5154250165723319,0.5154199737121956
1.0,5,2718,0.023809523809523808,Naive Bayes (Gaussian),0.52088113813676,0.45132315919928817
1.0,6,3141,0.023809523809523808,Regresión Logística,0.5117536076691652,0.4997707594300575
1.0,6,3141,0.023809523809523808,Naive Bayes (Gaussian),0.519606343378716,0.5049122266266374
1.0,7,6022,0.023809523809523808,Regresión Logística,0.49818979144357756,0.4937897232587229
1.0,7,6022,0.023809523809523808,Naive Bayes (Gaussian),0.5165468359594105,0.47774173641904555
1.0,8,8128,0.023809523809523808,Regresión Logística,0.5055836010402325,0.5032794888617595
1.0,8,8128,0.023809523809523808,Naive Bayes (Gaussian),0.5180255978787415,0.5071598592678869
1.0,9,9999,0.023809523809523808,Regresión Logística,0.47065422466982815,0.35280904914953637
1.0,9,9999,0.023809523809523808,Naive Bayes (Gaussian),0.4897251542501657,0.4892694284399463
1.0,10,10007,0.023809523809523808,Regresión Logística,0.51624088521748,0.4931693279572186
1.0,10,10007,0.023809523809523808,Naive Bayes (Gaussian),0.5217479985722299,0.5127460532540803
1.0,11,11113,0.023809523809523808,Regresión Logística,0.4960991280403855,0.48166773211951697
1.0,11,11113,0.023809523809523808,Naive Bayes (Gaussian),0.5187394829432461,0.4804145231662288
1.0,12,13121,0.023809523809523808,Regresión Logística,0.5145071643465402,0.427490062448686
1.0,12,13121,0.023809523809523808,Naive Bayes (Gaussian),0.5243485798786396,0.4103785277048587
1.0,13,17171,0.023809523809523808,Regresión Logística,0.5253684156850748,0.4924959019840086
1.0,13,17171,0.023809523809523808,Naive Bayes (Gaussian),0.5325582581204427,0.46305345918201746
1.0,14,19273,0.023809523809523808,Regresión Logística,0.5096629442659731,0.5047357815984846
1.0,14,19273,0.023809523809523808,Naive Bayes (Gaussian),0.5222069246851256,0.4505652550690159
1.0,15,23131,0.023809523809523808,Regresión Logística,0.468155626944062,0.32885013839907407
1.0,15,23131,0.023809523809523808,Naive Bayes (Gaussian),0.49115292437917496,0.4544826445009084
1.0,16,29327,0.023809523809523808,Regresión Logística,0.5059405435724849,0.4885143371990883
1.0,16,29327,0.023809523809523808,Naive Bayes (Gaussian),0.5184335322013156,0.5051748229441411
1.0,17,31193,0.023809523809523808,Regresión Logística,0.5085411248788945,0.5089257138856557
1.0,17,31193,0.023809523809523808,Naive Bayes (Gaussian),0.5028810361531794,0.4993205312609565
1.0,18,33391,0.023809523809523808,Regresión Logística,0.472591912702055,0.4019748862819372
1.0,18,33391,0.023809523809523808,Naive Bayes (Gaussian),0.5174136963948804,0.4965329701640798
1.0,19,37397,0.023809523809523808,Regresión Logística,0.5031869868951099,0.5031164546134748
1.0,19,37397,0.023809523809523808,Naive Bayes (Gaussian),0.5125184845239916,0.5121557839965092
5.0,0,42,0.11904761904761904,Regresión Logística,0.48763449084697363,0.4433518731670457
5.0,0,42,0.11904761904761904,Naive Bayes (Gaussian),0.5157309673142624,0.48258830931073304
5.0,1,137,0.11904761904761904,Regresión Logística,0.49834276681454287,0.4889332867721662
5.0,1,137,0.11904761904761904,Naive Bayes (Gaussian),0.5239916373463872,0.496778466477151
5.0,2,271,0.11904761904761904,Regresión Logística,0.5215950232012646,0.48748986755081697
5.0,2,271,0.11904761904761904,Naive Bayes (Gaussian),0.5123655091530264,0.450768800212065
5.0,3,314,0.11904761904761904,Regresión Logística,0.5154760083626536,0.5005151755192644
5.0,3,314,0.11904761904761904,Naive Bayes (Gaussian),0.523838661975422,0.43577303923135063
5.0,4,1729,0.11904761904761904,Regresión Logística,0.48416704910509406,0.4362191253595707
5.0,4,1729,0.11904761904761904,Naive Bayes (Gaussian),0.4957421855081332,0.49596187530723185
5.0,5,2718,0.11904761904761904,Regresión Logística,0.5244505634592831,0.49984535453832274
5.0,5,2718,0.11904761904761904,Naive Bayes (Gaussian),0.5273061037173015,0.49508429861435144
5.0,6,3141,0.11904761904761904,Regresión Logística,0.47274488807302023,0.32221400787817883
5.0,6,3141,0.11904761904761904,Naive Bayes (Gaussian),0.48967416245984396,0.4235575554563698
5.0,7,6022,0.11904761904761904,Regresión Logística,0.5313854469430421,0.48817340006244964
5.0,7,6022,0.11904761904761904,Naive Bayes (Gaussian),0.5266942022334404,0.4991299106697292
5.0,8,8128,0.11904761904761904,Regresión Logística,0.5077762480240682,0.5020003715870135
5.0,8,8128,0.11904761904761904,Naive Bayes (Gaussian),0.49885268471776045,0.4883783790340363
5.0,9,9999,0.11904761904761904,Regresión Logística,0.5161898934271583,0.5114134951644685
5.0,9,9999,0.11904761904761904,Naive Bayes (Gaussian),0.522359900056091,0.43042526443243184
5.0,10,10007,0.11904761904761904,Regresión Logística,0.522971801539952,0.5233460561094303
5.0,10,10007,0.11904761904761904,Naive Bayes (Gaussian),0.5299066850237112,0.48765985275554036
5.0,11,11113,0.11904761904761904,Regresión Logística,0.5231247769109173,0.5204328407952954
5.0,11,11113,0.11904761904761904,Naive Bayes (Gaussian),0.5250624649431441,0.4853532990970121
5.0,12,13121,0.11904761904761904,Regresión Logística,0.48625771250828614,0.39748118989244624
5.0,12,13121,0.11904761904761904,Naive Bayes (Gaussian),0.5180765896690632,0.5163875374743945
5.0,13,17171,0.11904761904761904,Regresión Logística,0.4904390393146703,0.484098998440613
5.0,13,17171,0.11904761904761904,Naive Bayes (Gaussian),0.5122635255723829,0.47203225855329234
5.0,14,19273,0.11904761904761904,Regresión Logística,0.4883483759114782,0.4180815933864541
5.0,14,19273,0.11904761904761904,Naive Bayes (Gaussian),0.5215440314109429,0.5189283494984094
5.0,15,23131,0.11904761904761904,Regresión Logística,0.5243995716689613,0.459576688290879
5.0,15,23131,0.11904761904761904,Naive Bayes (Gaussian),0.519606343378716,0.4903831467973886
5.0,16,29327,0.11904761904761904,Regresión Logística,0.527204120136658,0.5195147090128901
5.0,16,29327,0.11904761904761904,Naive Bayes (Gaussian),0.5244505634592831,0.4845600334993616
5.0,17,31193,0.11904761904761904,Regresión Logística,0.508235174136964,0.4929640448655215
5.0,17,31193,0.11904761904761904,Naive Bayes (Gaussian),0.5242975880883178,0.4337618331525612
5.0,18,33391,0.11904761904761904,Regresión Logística,0.5041558309112233,0.46994289262526423
5.0,18,33391,0.11904761904761904,Naive Bayes (Gaussian),0.5067054204273111,0.49155468470547636
5.0,19,37397,0.11904761904761904,Regresión Logística,0.5265922186527969,0.496010872569786
5.0,19,37397,0.11904761904761904,Naive Bayes (Gaussian),0.5188414665238896,0.4617824111923888
10.0,0,42,0.23809523809523808,Regresión Logística,0.5363826423945744,0.41873416836792954
10.0,0,42,0.23809523809523808,Naive Bayes (Gaussian),0.5330681760236602,0.5033811362649214
10.0,1,137,0.23809523809523808,Regresión Logística,0.5294477589108154,0.4880456444987498
10.0,1,137,0.23809523809523808,Naive Bayes (Gaussian),0.5198613023303248,0.4813382503364133
10.0,2,271,0.23809523809523808,Regresión Logística,0.5363316506042527,0.509697451252033
10.0,2,271,0.23809523809523808,Naive Bayes (Gaussian),0.5211870888786906,0.5216748786969477
10.0,3,314,0.23809523809523808,Regresión Logística,0.49569119371781145,0.46350329254234046
10.0,3,314,0.23809523809523808,Naive Bayes (Gaussian),0.4975268981693947,0.485907814749498
10.0,4,1729,0.23809523809523808,Regresión Logística,0.5182805568303503,0.5179114120753601
10.0,4,1729,0.23809523809523808,Naive Bayes (Gaussian),0.5228698179593085,0.5211435412982681
10.0,5,2718,0.23809523809523808,Regresión Logística,0.5352608230074958,0.4805849114815175
10.0,5,2718,0.23809523809523808,Naive Bayes (Gaussian),0.5153740247820101,0.4975347140430848
10.0,6,3141,0.23809523809523808,Regresión Logística,0.5304675947172505,0.527752656731658
10.0,6,3141,0.23809523809523808,Naive Bayes (Gaussian),0.5158329508949059,0.4983692474518056
10.0,7,6022,0.23809523809523808,Regresión Logística,0.4980368160726123,0.4449945148585909
10.0,7,6022,0.23809523809523808,Naive Bayes (Gaussian),0.49808780786293405,0.4902729178156474
10.0,8,8128,0.23809523809523808,Regresión Logística,0.5334251185559125,0.41853629740815335
10.0,8,8128,0.23809523809523808,Naive Bayes (Gaussian),0.5280199887818061,0.40824939093857854
10.0,9,9999,0.23809523809523808,Regresión Logística,0.5265412268624752,0.5264149495497353
10.0,9,9999,0.23809523809523808,Naive Bayes (Gaussian),0.5236856866044567,0.45934540346756597
10.0,10,10007,0.23809523809523808,Regresión Logística,0.5339350364591301,0.5314611909454606
10.0,10,10007,0.23809523809523808,Naive Bayes (Gaussian),0.528478914894702,0.41370583083188717
10.0,11,11113,0.23809523809523808,Regresión Logística,0.5057365764111978,0.4740089882437798
10.0,11,11113,0.23809523809523808,Naive Bayes (Gaussian),0.4972209474274642,0.4711086748466541
10.0,12,13121,0.23809523809523808,Regresión Logística,0.5359747080720004,0.5016130186230795
10.0,12,13121,0.23809523809523808,Naive Bayes (Gaussian),0.5329152006526949,0.42851344309922373
10.0,13,17171,0.23809523809523808,Regresión Logística,0.5273061037173015,0.5277455347559701
10.0,13,17171,0.23809523809523808,Naive Bayes (Gaussian),0.5326602417010862,0.48855630358506547
10.0,14,19273,0.23809523809523808,Regresión Logística,0.5361786752332874,0.5366492542172808
10.0,14,19273,0.23809523809523808,Naive Bayes (Gaussian),0.5243485798786396,0.5086680635783434
10.0,15,23131,0.23809523809523808,Regresión Logística,0.5387282647493753,0.48247466157872365
10.0,15,23131,0.23809523809523808,Naive Bayes (Gaussian),0.5256233746366835,0.4772690342538471
10.0,16,29327,0.23809523809523808,Regresión Logística,0.5325072663301208,0.5056150534194481
10.0,16,29327,0.23809523809523808,Naive Bayes (Gaussian),0.5248584977818571,0.4566674285266388
10.0,17,31193,0.23809523809523808,Regresión Logística,0.4992096272500127,0.47207256024189626
10.0,17,31193,0.23809523809523808,Naive Bayes (Gaussian),0.5205751873948294,0.508568976865187
10.0,18,33391,0.23809523809523808,Regresión Logística,0.5390852072816277,0.46789391099938094
10.0,18,33391,0.23809523809523808,Naive Bayes (Gaussian),0.533323134975269,0.432369975138655
10.0,19,37397,0.23809523809523808,Regresión Logística,0.5096119524756514,0.508332976162701
10.0,19,37397,0.23809523809523808,Naive Bayes (Gaussian),0.5060935189434501,0.49929036378509073
20.0,0,42,0.47619047619047616,Regresión Logística,0.5486716638621182,0.5432678411025459
20.0,0,42,0.47619047619047616,Naive Bayes (Gaussian),0.5336800775075213,0.5104896246550126
20.0,1,137,0.47619047619047616,Regresión Logística,0.5401050430880628,0.48102205779762397
20.0,1,137,0.47619047619047616,Naive Bayes (Gaussian),0.5307225536688593,0.45250554522594916
20.0,2,271,0.47619047619047616,Regresión Logística,0.49360053031461937,0.42242314598768055
20.0,2,271,0.47619047619047616,Naive Bayes (Gaussian),0.49360053031461937,0.4529446759267105
20.0,3,314,0.47619047619047616,Regresión Logística,0.5441843863138035,0.5363265572650275
20.0,3,314,0.47619047619047616,Naive Bayes (Gaussian),0.5317933812656163,0.4518894051890201
20.0,4,1729,0.47619047619047616,Regresión Logística,0.5368925602977921,0.5279591964549639
20.0,4,1729,0.47619047619047616,Naive Bayes (Gaussian),0.5370965274590791,0.4991173278336674
20.0,5,2718,0.47619047619047616,Regresión Logística,0.550813319055632,0.5176217032826717
20.0,5,2718,0.47619047619047616,Naive Bayes (Gaussian),0.5362296670236092,0.4680084323945669
20.0,6,3141,0.47619047619047616,Regresión Logística,0.5355157819591045,0.5195343904987137
20.0,6,3141,0.47619047619047616,Naive Bayes (Gaussian),0.5132323695884963,0.5112621404759333
20.0,7,6022,0.47619047619047616,Regresión Logística,0.5439294273621947,0.4956346977936152
20.0,7,6022,0.47619047619047616,Naive Bayes (Gaussian),0.5331701596043037,0.425799403797164
20.0,8,8128,0.47619047619047616,Regresión Logística,0.5468869512008566,0.5465658947467129
20.0,8,8128,0.47619047619047616,Naive Bayes (Gaussian),0.5389832237009842,0.45931200592440447
20.0,9,9999,0.47619047619047616,Regresión Logística,0.5197593187496813,0.493674271789044
20.0,9,9999,0.47619047619047616,Naive Bayes (Gaussian),0.517515679975524,0.5177632617464768
20.0,10,10007,0.47619047619047616,Regresión Logística,0.542807607975116,0.5424303860637569
20.0,10,10007,0.47619047619047616,Naive Bayes (Gaussian),0.5307225536688593,0.5028861481774719
20.0,11,11113,0.47619047619047616,Regresión Logística,0.5425016572331854,0.5334810558067961
20.0,11,11113,0.47619047619047616,Naive Bayes (Gaussian),0.5258273417979705,0.4867148951685379
20.0,12,13121,0.47619047619047616,Regresión Logística,0.5431135587170466,0.508373979040452
20.0,12,13121,0.47619047619047616,Naive Bayes (Gaussian),0.5297027178624242,0.4772621229385405
20.0,13,17171,0.47619047619047616,Regresión Logística,0.5380653714751925,0.5377803312970478
20.0,13,17171,0.47619047619047616,Naive Bayes (Gaussian),0.5316913976849728,0.5196198691480393
20.0,14,19273,0.47619047619047616,Regresión Logística,0.547243893733109,0.5214339943309114
20.0,14,19273,0.47619047619047616,Naive Bayes (Gaussian),0.5387282647493753,0.5307167334119566
20.0,15,23131,0.47619047619047616,Regresión Logística,0.5358727244913569,0.5290085768332732
20.0,15,23131,0.47619047619047616,Naive Bayes (Gaussian),0.5069093875885983,0.4836077268641183
20.0,16,29327,0.47619047619047616,Regresión Logística,0.5511702615878844,0.5218075062072529
20.0,16,29327,0.47619047619047616,Naive Bayes (Gaussian),0.5329661924430167,0.5234614447417408
20.0,17,31193,0.47619047619047616,Regresión Logística,0.5395951251848452,0.51815420856751
20.0,17,31193,0.47619047619047616,Naive Bayes (Gaussian),0.527000152975371,0.4545464625096108
20.0,18,33391,0.47619047619047616,Regresión Logística,0.5497934832491969,0.5385111756629822
20.0,18,33391,0.47619047619047616,Naive Bayes (Gaussian),0.530365611136607,0.5294635055541222
20.0,19,37397,0.47619047619047616,Regresión Logística,0.5358727244913569,0.531074709642123
20.0,19,37397,0.47619047619047616,Naive Bayes (Gaussian),0.5235837030238132,0.4881378350018829
50.0,0,42,1.1904761904761905,Regresión Logística,0.5506603436846668,0.5510188483280934
50.0,0,42,1.1904761904761905,Naive Bayes (Gaussian),0.532456274539799,0.5280055501433631
50.0,1,137,1.1904761904761905,Regresión Logística,0.5557595227168426,0.5228911241125783
50.0,1,137,1.1904761904761905,Naive Bayes (Gaussian),0.5430115751364031,0.4794936812597508
50.0,2,271,1.1904761904761905,Regresión Logística,0.5517311712814237,0.5497226840523597
50.0,2,271,1.1904761904761905,Naive Bayes (Gaussian),0.5382693386364795,0.5387810678445752
50.0,3,314,1.1904761904761905,Regresión Logística,0.5486206720717964,0.5474336072710863
50.0,3,314,1.1904761904761905,Naive Bayes (Gaussian),0.5323032991688338,0.5258611621553636
50.0,4,1729,1.1904761904761905,Regresión Logística,0.5504563765233798,0.5498227606203536
50.0,4,1729,1.1904761904761905,Naive Bayes (Gaussian),0.5422976900718984,0.5359224985829921
50.0,5,2718,1.1904761904761905,Regresión Logística,0.5537198511039723,0.553165169958986
50.0,5,2718,1.1904761904761905,Naive Bayes (Gaussian),0.5477028198460048,0.5451957715908956
50.0,6,3141,1.1904761904761905,Regresión Logística,0.5497424914588751,0.5497378272195694
50.0,6,3141,1.1904761904761905,Naive Bayes (Gaussian),0.5387792565396972,0.5390214381875004
50.0,7,6022,1.1904761904761905,Regresión Logística,0.5439804191525165,0.5323142164022888
50.0,7,6022,1.1904761904761905,Naive Bayes (Gaussian),0.5509153026362755,0.5509972095124618
50.0,8,8128,1.1904761904761905,Regresión Logística,0.5526490235072153,0.5528951710647366
50.0,8,8128,1.1904761904761905,Naive Bayes (Gaussian),0.5486716638621182,0.5363193928856806
50.0,9,9999,1.1904761904761905,Regresión Logística,0.5500484422008056,0.5496773825081916
50.0,9,9999,1.1904761904761905,Naive Bayes (Gaussian),0.5389322319106624,0.5394568765518462
50.0,10,10007,1.1904761904761905,Regresión Logística,0.5432665340880118,0.5341619191613255
50.0,10,10007,1.1904761904761905,Naive Bayes (Gaussian),0.5386772729590535,0.538840239467226
50.0,11,11113,1.1904761904761905,Regresión Logística,0.5522410891846413,0.5506968933125793
50.0,11,11113,1.1904761904761905,Naive Bayes (Gaussian),0.5415838050073938,0.5298478357949461
50.0,12,13121,1.1904761904761905,Regresión Logística,0.550813319055632,0.5511291174357551
50.0,12,13121,1.1904761904761905,Naive Bayes (Gaussian),0.541736780378359,0.5339023368210283
50.0,13,17171,1.1904761904761905,Regresión Logística,0.5419917393299679,0.5353373064720525
50.0,13,17171,1.1904761904761905,Naive Bayes (Gaussian),0.542807607975116,0.543317048045016
50.0,14,19273,1.1904761904761905,Regresión Logística,0.5491305899750141,0.5495576094206174
50.0,14,19273,1.1904761904761905,Naive Bayes (Gaussian),0.5436744684105859,0.5387140998441019
50.0,15,23131,1.1904761904761905,Regresión Logística,0.5466829840395696,0.5471538498405617
50.0,15,23131,1.1904761904761905,Naive Bayes (Gaussian),0.5348018968946,0.5319864304105705
50.0,16,29327,1.1904761904761905,Regresión Logística,0.5519861302330324,0.5505795206272103
50.0,16,29327,1.1904761904761905,Naive Bayes (Gaussian),0.5453062057008822,0.5381686570957397
50.0,17,31193,1.1904761904761905,Regresión Logística,0.5366885931365051,0.531161411380078
50.0,17,31193,1.1904761904761905,Naive Bayes (Gaussian),0.5351078476365305,0.5326053326295789
50.0,18,33391,1.1904761904761905,Regresión Logística,0.544898271378308,0.5418153178059659
50.0,18,33391,1.1904761904761905,Naive Bayes (Gaussian),0.5363316506042527,0.5368426380548729
50.0,19,37397,1.1904761904761905,Regresión Logística,0.5484167049105094,0.5461373485672757
50.0,19,37397,1.1904761904761905,Naive Bayes (Gaussian),0.5371985110397226,0.5377216716720259
100.0,0,42,2.380952380952381,Regresión Logística,0.5585130793942176,0.5571362413657304
100.0,0,42,2.380952380952381,Naive Bayes (Gaussian),0.5414308296364285,0.5359114243169691
100.0,1,137,2.380952380952381,Regresión Logística,0.5713120187649788,0.5702570035484076
100.0,1,137,2.380952380952381,Naive Bayes (Gaussian),0.5577991943297129,0.5556753315167552
100.0,2,271,2.380952380952381,Regresión Logística,0.5593289480393656,0.5592615462100183
100.0,2,271,2.380952380952381,Naive Bayes (Gaussian),0.5519351384427107,0.5520830842372589
100.0,3,314,2.380952380952381,Regresión Logística,0.5621844882973841,0.5625236946205422
100.0,3,314,2.380952380952381,Naive Bayes (Gaussian),0.5570853092652083,0.5556767377620815
100.0,4,1729,2.380952380952381,Regresión Logística,0.5648870531844373,0.5648780181071259
100.0,4,1729,2.380952380952381,Naive Bayes (Gaussian),0.5518331548620672,0.5522250338424372
100.0,5,2718,2.380952380952381,Regresión Logística,0.5643771352812197,0.5640702636222671
100.0,5,2718,2.380952380952381,Naive Bayes (Gaussian),0.5539238182652593,0.5542384461055448
100.0,6,3141,2.380952380952381,Regresión Logística,0.5635102748457498,0.5631931999406444
100.0,6,3141,2.380952380952381,Naive Bayes (Gaussian),0.548926622813727,0.5472071174863045
100.0,7,6022,2.380952380952381,Regresión Logística,0.5624394472489929,0.5623081806522366
100.0,7,6022,2.380952380952381,Naive Bayes (Gaussian),0.5511192697975625,0.5492402623861281
100.0,8,8128,2.380952380952381,Regresión Logística,0.5659578807811942,0.5648054094972558
100.0,8,8128,2.380952380952381,Naive Bayes (Gaussian),0.5492835653459793,0.5492142902866999
100.0,9,9999,2.380952380952381,Regresión Logística,0.5657539136199072,0.5661117304871626
100.0,9,9999,2.380952380952381,Naive Bayes (Gaussian),0.5524450563459283,0.5521842144756559
100.0,10,10007,2.380952380952381,Regresión Logística,0.5692723471521085,0.5689267330258645
100.0,10,10007,2.380952380952381,Naive Bayes (Gaussian),0.5595329152006527,0.5512487796007101
100.0,11,11113,2.380952380952381,Regresión Logística,0.5719749120391617,0.5718290639498307
100.0,11,11113,2.380952380952381,Naive Bayes (Gaussian),0.5575442353781042,0.5567663736090052
100.0,12,13121,2.380952380952381,Regresión Logística,0.5686094538779256,0.5650757554258342
100.0,12,13121,2.380952380952381,Naive Bayes (Gaussian),0.5590739890877569,0.5442627513447289
100.0,13,17171,2.380952380952381,Regresión Logística,0.5685584620876039,0.5652086838654741
100.0,13,17171,2.380952380952381,Naive Bayes (Gaussian),0.5555045637652338,0.5412317481422754
100.0,14,19273,2.380952380952381,Regresión Logística,0.5673346591198817,0.5676980939381583
100.0,14,19273,2.380952380952381,Naive Bayes (Gaussian),0.5522920809749631,0.5512101013273595
100.0,15,23131,2.380952380952381,Regresión Logística,0.5625414308296365,0.5626139445956686
100.0,15,23131,2.380952380952381,Naive Bayes (Gaussian),0.5495895160879098,0.5497061636259386
100.0,16,29327,2.380952380952381,Regresión Logística,0.5668757330069859,0.5672373228655271
100.0,16,29327,2.380952380952381,Naive Bayes (Gaussian),0.5538728264749375,0.5518252833062754
100.0,17,31193,2.380952380952381,Regresión Logística,0.5627453979909235,0.5632076427017346
100.0,17,31193,2.380952380952381,Naive Bayes (Gaussian),0.5556065473458773,0.5538177397648549
100.0,18,33391,2.380952380952381,Regresión Logística,0.5650910203457243,0.5655634072927033
100.0,18,33391,2.380952380952381,Naive Bayes (Gaussian),0.5493855489266228,0.5490681165433658
100.0,19,37397,2.380952380952381,Regresión Logística,0.5674366427005252,0.5667608915534238
100.0,19,37397,2.380952380952381,Naive Bayes (Gaussian),0.5569833256845648,0.5446564526703014
200.0,0,42,4.761904761904762,Regresión Logística,0.5824792208454439,0.5812463340072069
200.0,0,42,4.761904761904762,Naive Bayes (Gaussian),0.5543317525878334,0.5546422756437077
200.0,1,137,4.761904761904762,Regresión Logística,0.5791137626842079,0.5789998871401127
200.0,1,137,4.761904761904762,Naive Bayes (Gaussian),0.5499464586201621,0.5480993650392174
200.0,2,271,4.761904761904762,Regresión Logística,0.581408393248687,0.5813593823966874
200.0,2,271,4.761904761904762,Naive Bayes (Gaussian),0.550405384733058,0.5489822108321115
200.0,3,314,4.761904761904762,Regresión Logística,0.5810514507164346,0.5801544704365137
200.0,3,314,4.761904761904762,Naive Bayes (Gaussian),0.5492835653459793,0.5478809490853058
200.0,4,1729,4.761904761904762,Regresión Logística,0.5803885574422518,0.5799460981450592
200.0,4,1729,4.761904761904762,Naive Bayes (Gaussian),0.5419407475396462,0.5347348188070818
200.0,5,2718,4.761904761904762,Regresión Logística,0.5839579827647748,0.583069677129799
200.0,5,2718,4.761904761904762,Naive Bayes (Gaussian),0.5517821630717454,0.5518200399102953
200.0,6,3141,4.761904761904762,Regresión Logística,0.5831931059099486,0.5824534031361598
200.0,6,3141,4.761904761904762,Naive Bayes (Gaussian),0.547447860894396,0.5456603978039145
200.0,7,6022,4.761904761904762,Regresión Logística,0.5809494671357911,0.5803237500153666
200.0,7,6022,4.761904761904762,Naive Bayes (Gaussian),0.54408240273316,0.5394472350158813
200.0,8,8128,4.761904761904762,Regresión Logística,0.5808984753454693,0.5800958210556236
200.0,8,8128,4.761904761904762,Naive Bayes (Gaussian),0.5497424914588751,0.5483860523207056
200.0,9,9999,4.761904761904762,Regresión Logística,0.5808984753454693,0.5807339774166628
200.0,9,9999,4.761904761904762,Naive Bayes (Gaussian),0.5500994339911274,0.5483941034902091
200.0,10,10007,4.761904761904762,Regresión Logística,0.5802355820712866,0.58020907289719
200.0,10,10007,4.761904761904762,Naive Bayes (Gaussian),0.539646116975167,0.5327653858018384
200.0,11,11113,4.761904761904762,Regresión Logística,0.581816327571261,0.5812420486295801
200.0,11,11113,4.761904761904762,Naive Bayes (Gaussian),0.5369435520881138,0.5264387246025586
200.0,12,13121,4.761904761904762,Regresión Logística,0.5817143439906175,0.5808212478852485
200.0,12,13121,4.761904761904762,Naive Bayes (Gaussian),0.5513232369588497,0.5500677924544429
200.0,13,17171,4.761904761904762,Regresión Logística,0.5805925246035388,0.5797556747779002
200.0,13,17171,4.761904761904762,Naive Bayes (Gaussian),0.5539238182652593,0.5542746136150021
200.0,14,19273,4.761904761904762,Regresión Logística,0.5823262454744786,0.5809894418178189
200.0,14,19273,4.761904761904762,Naive Bayes (Gaussian),0.5506603436846668,0.5505716647511967
200.0,15,23131,4.761904761904762,Regresión Logística,0.5828871551680179,0.5820088195613826
200.0,15,23131,4.761904761904762,Naive Bayes (Gaussian),0.5498954668298404,0.5484767120193039
200.0,16,29327,4.761904761904762,Regresión Logística,0.5837030238131661,0.5825711346361888
200.0,16,29327,4.761904761904762,Naive Bayes (Gaussian),0.5513232369588497,0.5516211136654349
200.0,17,31193,4.761904761904762,Regresión Logística,0.5805415328132171,0.5801212988963645
200.0,17,31193,4.761904761904762,Naive Bayes (Gaussian),0.5416857885880373,0.5350861771319303
200.0,18,33391,4.761904761904762,Regresión Logística,0.5799806231196777,0.5796774449994146
200.0,18,33391,4.761904761904762,Naive Bayes (Gaussian),0.5545357197491204,0.5539953275082714
200.0,19,37397,4.761904761904762,Regresión Logística,0.5821222783131915,0.5820611283037564
200.0,19,37397,4.761904761904762,Naive Bayes (Gaussian),0.54408240273316,0.5388195815850564
