modelo,epsilon,rep,seed,Accuracy,F1-Score
Regresión Logística,0.1,0,42,0.49834276681454287,0.49708736240889045
Naive Bayes (Gaussian),0.1,0,42,0.4778950588955178,0.46699183342652256
Regresión Logística,0.1,1,137,0.5391871908622712,0.536992280064569
Naive Bayes (Gaussian),0.1,1,137,0.5305185865075723,0.528622962953842
Regresión Logística,0.1,2,271,0.5090510427821121,0.5094117163376803
Naive Bayes (Gaussian),0.1,2,271,0.5277140380398756,0.4947151608818596
Regresión Logística,0.1,3,314,0.5118555912498087,0.5014640991302951
Naive Bayes (Gaussian),0.1,3,314,0.4752434857987864,0.4263370431235993
Regresión Logística,0.1,4,1729,0.5266942022334404,0.5263960263834365
Naive Bayes (Gaussian),0.1,4,1729,0.5309265208301464,0.5276093014115888
Regresión Logística,0.1,5,2718,0.5186374993626026,0.5166748004122118
Naive Bayes (Gaussian),0.1,5,2718,0.5388812401203407,0.5128198213762979
Regresión Logística,0.1,6,3141,0.5234817194431697,0.5239710828776165
Naive Bayes (Gaussian),0.1,6,3141,0.5283769313140584,0.5202601175096039
Regresión Logística,0.1,7,6022,0.5279689969914844,0.5280940988088425
Naive Bayes (Gaussian),0.1,7,6022,0.5151190658304013,0.501422142806746
Regresión Logística,0.1,8,8128,0.5080821987659987,0.5045476550694471
Naive Bayes (Gaussian),0.1,8,8128,0.5051246749273367,0.5052304971084309
Regresión Logística,0.1,9,9999,0.49956656978226505,0.49760821595402627
Naive Bayes (Gaussian),0.1,9,9999,0.4726938962826985,0.40138768028336164
Regresión Logística,0.1,10,10007,0.5202692366528989,0.5197342777653253
Naive Bayes (Gaussian),0.1,10,10007,0.4827392789760849,0.4485205198063076
Regresión Logística,0.1,11,11113,0.5419917393299679,0.5422946629367424
Naive Bayes (Gaussian),0.1,11,11113,0.50232012645964,0.48949403644315576
Regresión Logística,0.1,12,13121,0.5160879098465148,0.5000144545182749
Naive Bayes (Gaussian),0.1,12,13121,0.5369435520881138,0.4145509426049721
Regresión Logística,0.1,13,17171,0.4958441690887767,0.4934428098924857
Naive Bayes (Gaussian),0.1,13,17171,0.4969149966855336,0.4963917679636371
Regresión Logística,0.1,14,19273,0.532048340217225,0.531755556473705
Naive Bayes (Gaussian),0.1,14,19273,0.47835398500841364,0.4537276603241804
Regresión Logística,0.1,15,23131,0.5324052827494773,0.5303571075449478
Naive Bayes (Gaussian),0.1,15,23131,0.47182703584722857,0.40597479300513795
Regresión Logística,0.1,16,29327,0.5287338738463108,0.5290305324105351
Naive Bayes (Gaussian),0.1,16,29327,0.4766202641374739,0.3557574748817295
Regresión Logística,0.1,17,31193,0.5331191678139819,0.5335860203715063
Naive Bayes (Gaussian),0.1,17,31193,0.4662179389118352,0.29648957470062665
Regresión Logística,0.1,18,33391,0.5116516240885217,0.5104325350245427
Naive Bayes (Gaussian),0.1,18,33391,0.5300086686043547,0.3997139883323272
Regresión Logística,0.1,19,37397,0.5142012136046097,0.4920459889130137
Naive Bayes (Gaussian),0.1,19,37397,0.5037478965886493,0.49777637761551696
Regresión Logística,1.0,0,42,0.47407067462138597,0.44065041886510725
Naive Bayes (Gaussian),1.0,0,42,0.5478048034266483,0.5449516573667141
Regresión Logística,1.0,1,137,0.5311304879914334,0.48872483271213796
Naive Bayes (Gaussian),1.0,1,137,0.5142012136046097,0.4988469585184437
Regresión Logística,1.0,2,271,0.4689205037988884,0.3670887699967013
Naive Bayes (Gaussian),1.0,2,271,0.5484167049105094,0.5480807137105739
Regresión Logística,1.0,3,314,0.47014430676661056,0.33116878647527553
Naive Bayes (Gaussian),1.0,3,314,0.5066544286369894,0.48982847528439494
Regresión Logística,1.0,4,1729,0.510325837540156,0.5104780969101207
Naive Bayes (Gaussian),1.0,4,1729,0.5408699199428892,0.5413514791800184
Regresión Logística,1.0,5,2718,0.5176686553464892,0.47565435089582847
Naive Bayes (Gaussian),1.0,5,2718,0.5357197491203917,0.5362470957991136
Regresión Logística,1.0,6,3141,0.5161898934271583,0.5071917572372608
Naive Bayes (Gaussian),1.0,6,3141,0.5288358574269543,0.5262719288346241
Regresión Logística,1.0,7,6022,0.5005864055887003,0.5006675970478224
Naive Bayes (Gaussian),1.0,7,6022,0.525929325378614,0.5172038887691408
Regresión Logística,1.0,8,8128,0.5138952628626791,0.51375434817388
Naive Bayes (Gaussian),1.0,8,8128,0.5601448166845138,0.5529788826069061
Regresión Logística,1.0,9,9999,0.46876752842792313,0.38269279917496285
Naive Bayes (Gaussian),1.0,9,9999,0.5350568558462088,0.5290408048743585
Regresión Logística,1.0,10,10007,0.5133343531691398,0.49579076970052544
Naive Bayes (Gaussian),1.0,10,10007,0.5361786752332874,0.5235433981592844
Regresión Logística,1.0,11,11113,0.47519249400846464,0.41337431666757357
Naive Bayes (Gaussian),1.0,11,11113,0.5201672530722554,0.5205608013199412
Regresión Logística,1.0,12,13121,0.4697363724440365,0.3126507159858544
Naive Bayes (Gaussian),1.0,12,13121,0.5577482025393912,0.5413082478859212
Regresión Logística,1.0,13,17171,0.5236856866044567,0.5136927370153579
Naive Bayes (Gaussian),1.0,13,17171,0.5309775126204681,0.5204653057374572
Regresión Logística,1.0,14,19273,0.5192494008464638,0.47129941691499794
Naive Bayes (Gaussian),1.0,14,19273,0.5024731018306052,0.4556130079965619
Regresión Logística,1.0,15,23131,0.5181275814593851,0.5019701737096104
Naive Bayes (Gaussian),1.0,15,23131,0.5369435520881138,0.5374706104943616
Regresión Logística,1.0,16,29327,0.46550405384733057,0.33918790014352906
Naive Bayes (Gaussian),1.0,16,29327,0.5238896537657437,0.46059376519818057
Regresión Logística,1.0,17,31193,0.4801386976696752,0.46508906676871464
Naive Bayes (Gaussian),1.0,17,31193,0.5480597623782572,0.5481130495320805
Regresión Logística,1.0,18,33391,0.46581000458926114,0.333050738269169
Naive Bayes (Gaussian),1.0,18,33391,0.5294987507011372,0.5158756063040091
Regresión Logística,1.0,19,37397,0.5317423894752945,0.3753458241005757
Naive Bayes (Gaussian),1.0,19,37397,0.5308755290398246,0.5278960564048142
Regresión Logística,10.0,0,42,0.47350976492784663,0.43992090855995464
Naive Bayes (Gaussian),10.0,0,42,0.5858446790066799,0.581873150778119
Regresión Logística,10.0,1,137,0.5303146193462852,0.4872934024870897
Naive Bayes (Gaussian),10.0,1,137,0.5888531946356637,0.5886818739837897
Regresión Logística,10.0,2,271,0.46810463515374023,0.36416921545056263
Naive Bayes (Gaussian),10.0,2,271,0.5863545969098976,0.5850052990476096
Regresión Logística,10.0,3,314,0.46846157768599256,0.3256781984862251
Naive Bayes (Gaussian),10.0,3,314,0.5905359237162817,0.5626489951656066
Regresión Logística,10.0,4,1729,0.5101728621691908,0.5102386090448704
Naive Bayes (Gaussian),10.0,4,1729,0.5864565804905411,0.5830273707822201
Regresión Logística,10.0,5,2718,0.5175666717658457,0.472922389995163
Naive Bayes (Gaussian),10.0,5,2718,0.5948192341033094,0.5897367973470736
Regresión Logística,10.0,6,3141,0.5146601397175055,0.5053567275031018
Naive Bayes (Gaussian),10.0,6,3141,0.5858446790066799,0.5851004655509094
Regresión Logística,10.0,7,6022,0.5005864055887003,0.5004878443682729
Naive Bayes (Gaussian),10.0,7,6022,0.5915557595227169,0.5787215840621265
Regresión Logística,10.0,8,8128,0.5158329508949059,0.5158279122800481
Naive Bayes (Gaussian),10.0,8,8128,0.5770230992810158,0.5769443480214612
Regresión Logística,10.0,9,9999,0.4687165366376013,0.37841277819732533
Naive Bayes (Gaussian),10.0,9,9999,0.5868645148131151,0.581682297018121
Regresión Logística,10.0,10,10007,0.5149150986691142,0.4967372504605802
Naive Bayes (Gaussian),10.0,10,10007,0.5597368823619397,0.5549224704160264
Regresión Logística,10.0,11,11113,0.4733567895568813,0.40539962588257333
Naive Bayes (Gaussian),10.0,11,11113,0.5879863342001937,0.5861625901618518
Regresión Logística,10.0,12,13121,0.46652388965376573,0.29788174860862
Naive Bayes (Gaussian),10.0,12,13121,0.5837540156034878,0.5842152178365134
Regresión Logística,10.0,13,17171,0.5263882514915099,0.5150472590577622
Naive Bayes (Gaussian),10.0,13,17171,0.5753913619907195,0.5554524009705766
Regresión Logística,10.0,14,19273,0.5199122941206465,0.47123570791405023
Naive Bayes (Gaussian),10.0,14,19273,0.5897200550711336,0.5863262004109974
Regresión Logística,10.0,15,23131,0.5178726225077762,0.5022193387418022
Naive Bayes (Gaussian),10.0,15,23131,0.5705981337004742,0.5704218863087948
Regresión Logística,10.0,16,29327,0.4640252919279996,0.32974508784741335
Naive Bayes (Gaussian),10.0,16,29327,0.5579011779103564,0.551535064055834
Regresión Logística,10.0,17,31193,0.47361174850849014,0.45448585298652244
Naive Bayes (Gaussian),10.0,17,31193,0.5781449186680945,0.5784977730333216
Regresión Logística,10.0,18,33391,0.464994135944113,0.32912398904034385
Naive Bayes (Gaussian),10.0,18,33391,0.5889041864259854,0.5796363505520211
Regresión Logística,10.0,19,37397,0.5339350364591301,0.3721463359464498
Naive Bayes (Gaussian),10.0,19,37397,0.5828361633776962,0.5825751560980038
